S.No,Title,Authors,First Author,Year,Journal/Conference,Publisher,DOI,Official URL,Abstract,Keywords,Sensor Type,Navigation Method,Localization metric,Reported numeric value,Real Flight,Simulation Only,Indoor/Outdoor,Dataset,Flight Time (s),Flight Distance (m),Limitations,Future Work,Citation Key,Verification Status
1,ORB-SLAM: a versatile and accurate monocular SLAM system,"Raúl Mur-Artal, J. M. M. Montiel, Juan D. Tardós",Raúl Mur-Artal,2015,IEEE Transactions on Robotics,IEEE,10.1109/TRO.2015.2463671,https://doi.org/10.1109/TRO.2015.2463671,Monocular SLAM on EuRoC MAV.,SLAM; monocular; MAV,Monocular camera,Visual SLAM,ATE RMSE (m),0.45,Yes,No,Indoor,EuRoC,300,80,Large scale drift,Lifelong mapping,murartal2015orb,Verified
2,"ORB-SLAM2: an open-source SLAM system for monocular, stereo and RGB-D cameras","Raúl Mur-Artal, Juan D. Tardós",Raúl Mur-Artal,2017,IEEE Transactions on Robotics,IEEE,10.1109/TRO.2017.2705103,https://doi.org/10.1109/TRO.2017.2705103,Stereo/RGB-D SLAM on EuRoC MAV.,SLAM; stereo; UAV,Stereo camera,Visual SLAM,ATE RMSE (m),0.05,Yes,No,Indoor,EuRoC,300,80,Map reuse,Multi-session mapping,murartal2017orb2,Verified
3,"ORB-SLAM3: An Accurate Open-Source Library for Visual, Visual-Inertial and Multi-Map SLAM","Carlos Campos, Richard Elvira, Juan J. Gómez Rodríguez, José M. M. Montiel, Juan D. Tardós",Carlos Campos,2021,IEEE Transactions on Robotics,IEEE,10.1109/TRO.2021.3075644,https://doi.org/10.1109/TRO.2021.3075644,Visual-inertial multi-map SLAM on MAV.,SLAM; visual-inertial; MAV,Monocular camera; Stereo camera; RGB-D; IMU,Visual SLAM,ATE RMSE (m),0.04,Yes,No,Indoor,EuRoC,200,65,Dynamic environments,Semantic mapping,campos2021orb3,Verified
4,VINS-Mono: a robust and versatile monocular visual-inertial state estimator,"Tong Qin, Peiliang Li, Shaojie Shen",Tong Qin,2018,IEEE Transactions on Robotics,IEEE,10.1109/TRO.2018.2853729,https://doi.org/10.1109/TRO.2018.2853729,Monocular VIO on EuRoC MAV.,VIO; MAV; GPS-denied,Monocular camera; IMU,Visual-Inertial Odometry,ATE RMSE (m),0.1,Yes,No,Indoor,EuRoC,180,60,Fast rotation init.,Multi-sensor fusion,qin2018vins,Verified
5,VINS-Fusion: Tightly Coupled Multi-Sensor Fusion for Robust and Accurate State Estimation,"Tong Qin, Shaojie Shen",Tong Qin,2020,IEEE Transactions on Industrial Electronics,IEEE,10.1109/TIE.2019.2955445,https://doi.org/10.1109/TIE.2019.2955445,Multi-sensor VIO on real drone.,VIO; sensor fusion; MAV,Stereo camera; IMU,Visual-Inertial Odometry,ATE RMSE (m),0.09,Yes,No,Indoor,EuRoC,180,60,GNSS open sky,LiDAR fusion,qin2020vinsfusion,Verified
6,ROVIO: robust visual inertial odometry using a direct EKF-based approach,"Michael Bloesch, Sammy Omari, Marco Hutter, Roland Siegwart",Michael Bloesch,2015,IEEE/RSJ IROS,IEEE,10.1109/IROS.2015.7353389,https://doi.org/10.1109/IROS.2015.7353389,Direct EKF VIO on MAV.,VIO; EKF; MAV,Monocular camera; IMU,Visual-Inertial Odometry,ATE RMSE (m),0.13,Yes,No,Indoor,EuRoC,150,45,Lighting changes,Mapping integration,bloesch2015rovio,Verified
7,Keyframe-based visual-inertial odometry using nonlinear optimization,"Stefan Leutenegger, Simon Lynen, Michael Bosse, Roland Siegwart, Paul Furgale",Stefan Leutenegger,2015,International Journal of Robotics Research,SAGE,10.1177/0278364914554813,https://doi.org/10.1177/0278364914554813,"Stereo VIO with keyframes, MAV.",VIO; MAV; GPS-denied,Stereo camera; IMU,Visual-Inertial Odometry,ATE RMSE (m),0.09,Yes,No,Indoor,Custom MAV,120,40,Requires stereo,Monocular extension,leutenegger2015keyframe,Verified
8,On-Manifold Preintegration for Real-Time Visual-Inertial Odometry,"Christian Forster, Luca Carlone, Frank Dellaert, Davide Scaramuzza",Christian Forster,2017,IEEE Transactions on Robotics,IEEE,10.1109/TRO.2016.2597321,https://doi.org/10.1109/TRO.2016.2597321,IMU preintegration VIO on MAV.,VIO; preintegration; MAV,Monocular camera; IMU,Visual-Inertial Odometry,ATE RMSE (m),0.13,Yes,No,Indoor,EuRoC,180,60,Scale drift,Stereoscopic,forster2017preintegration,Verified
9,SVO: Semidirect Visual Odometry for Monocular and Multicamera Systems,"Christian Forster, Zichao Zhang, Michael Gassner, Manuel Werlberger, Davide Scaramuzza",Christian Forster,2017,IEEE Transactions on Robotics,IEEE,10.1109/TRO.2016.2623335,https://doi.org/10.1109/TRO.2016.2623335,Semi-direct VO on MAV.,VO; MAV; GPS-denied,Monocular camera; Stereo camera,Visual Odometry,ATE RMSE (m),0.11,Yes,No,Indoor,EuRoC,180,60,Texture sensitivity,IMU integration,forster2017svo,Verified
10,DSO: Direct Sparse Odometry,"Jakob Engel, Vladlen Koltun, Daniel Cremers",Jakob Engel,2018,IEEE Transactions on Pattern Analysis and Machine Intelligence,IEEE,10.1109/TPAMI.2017.2658577,https://doi.org/10.1109/TPAMI.2017.2658577,Direct sparse VO on EuRoC MAV.,direct VO; MAV,Monocular camera,Visual Odometry,ATE RMSE (m),0.09,Yes,No,Indoor,EuRoC,180,60,No loop closure,SLAM extension,engel2018dso,Verified
11,LDSO: Direct Sparse Odometry with Loop Closure,"Xiang Gao, Rui Wang, Nikolaus Demmel, Daniel Cremers",Xiang Gao,2018,IEEE/RSJ IROS,IEEE,10.1109/IROS.2018.8593376,https://doi.org/10.1109/IROS.2018.8593376,DSO with loop on MAV.,direct VO; loop; MAV,Monocular camera,Visual Odometry,ATE RMSE (m),0.12,Yes,No,Indoor,EuRoC,180,60,Overhead,Global optimization,gao2018ldso,Verified
12,Stereo DSO: Large-Scale Direct Sparse Visual Odometry with Stereo Cameras,"Rui Wang, Martin Schworer, Daniel Cremers",Rui Wang,2017,IEEE ICCV,IEEE,10.1109/ICCV.2017.421,https://doi.org/10.1109/ICCV.2017.421,Stereo direct VO on MAV.,stereo VO; direct; MAV,Stereo camera,Visual Odometry,ATE RMSE (m),0.08,Yes,No,Indoor,EuRoC,180,60,Stereo rig needed,IMU fusion,wang2017stereodso,Verified
13,PL-SLAM: Real-Time Monocular Visual SLAM with Points and Lines,"Ruben Gomez-Ojeda, Francisco Moreno, Davide Scaramuzza, Javier Gonzalez-Jimenez",Ruben Gomez-Ojeda,2017,IEEE ICRA,IEEE,10.1109/ICRA.2017.7989525,https://doi.org/10.1109/ICRA.2017.7989525,Point-line SLAM on MAV.,monocular SLAM; lines,Monocular camera,Visual SLAM,ATE RMSE (m),0.23,Yes,No,Indoor,EuRoC,200,70,Line overhead,Stereo integration,gomez2017plslam,Verified
14,Robust Stereo Visual Inertial Odometry for Fast Autonomous Flight,"Ke Sun, Kartik Mohta, Bernd Pfrommer, Michael Watterson, Sikang Liu, Yash Mulgaonkar, Camillo J. Taylor, Vijay Kumar",Ke Sun,2018,IEEE Robotics and Automation Letters,IEEE,10.1109/LRA.2018.2793349,https://doi.org/10.1109/LRA.2018.2793349,Stereo VIO for fast MAV flight.,stereo VIO; MAV; fast,Stereo camera; IMU,Visual-Inertial Odometry,ATE RMSE (m),0.06,Yes,No,Indoor,UPenn Fast Flight,90,50,Fast rotation,Outdoor extension,sun2018robust,Verified
15,Kimera: an Open-Source Library for Real-Time Metric-Semantic Localization and Mapping,"Antoni Rosinol, Marcus Abate, Yun Chang, Luca Carlone",Antoni Rosinol,2020,IEEE ICRA,IEEE,10.1109/ICRA40945.2020.9197416,https://doi.org/10.1109/ICRA40945.2020.9197416,Metric-semantic SLAM on MAV.,semantic SLAM; MAV,Stereo camera; IMU,Visual SLAM,ATE RMSE (m),0.07,Yes,No,Indoor,EuRoC,200,65,Semantic latency,Dynamic handling,rosinol2020kimera,Verified
16,"FAST-LIO: A Fast, Robust LiDAR-inertial Odometry Package by Tightly-Coupled Iterated Kalman Filter","Wei Xu, Fu Zhang",Wei Xu,2021,IEEE Robotics and Automation Letters,IEEE,10.1109/LRA.2021.3064227,https://doi.org/10.1109/LRA.2021.3064227,LiDAR-inertial odometry on drone.,LiDAR-inertial; drone,LiDAR; IMU,LiDAR SLAM,ATE RMSE (m),0.06,Yes,No,Indoor,Custom drone,150,50,LiDAR FOV,Multi-LiDAR fusion,xu2021fastlio,Verified
17,FAST-LIO2: Fast Direct LiDAR-inertial Odometry,"Wei Xu, Yixi Cai, Dongjiao He, Jiarong Lin, Fu Zhang",Wei Xu,2022,IEEE Transactions on Robotics,IEEE,10.1109/TRO.2022.3141876,https://doi.org/10.1109/TRO.2022.3141876,Direct LiDAR-inertial odometry on drone.,LiDAR-inertial; direct; drone,LiDAR; IMU,LiDAR SLAM,ATE RMSE (m),0.03,Yes,No,Indoor,Custom drone,120,40,Featureless env.,Semantic LiDAR,xu2022fastlio2,Verified
18,"R3LIVE: A Robust, Real-time, RGB-colored, LiDAR-Inertial-Visual tightly-coupled state Estimation and mapping package","Jiarong Lin, Fu Zhang",Jiarong Lin,2022,IEEE ICRA,IEEE,10.1109/ICRA46639.2022.9812235,https://doi.org/10.1109/ICRA46639.2022.9812235,LiDAR-visual-inertial fusion on drone.,LiDAR-visual-inertial; drone,LiDAR; Monocular camera; IMU,Sensor Fusion,ATE RMSE (m),0.05,Yes,No,Indoor,Custom drone,140,45,RGB alignment,Global map coloring,lin2022r3live,Verified
19,LVI-SAM: Tightly-coupled Lidar-Visual-Inertial Odometry via Smoothing and Mapping,"Tixiao Shan, Brendan Englot, Drew Meyers, Wei Wang, Carlo Ratti, Daniela Rus",Tixiao Shan,2021,IEEE ICRA,IEEE,10.1109/ICRA48506.2021.9561311,https://doi.org/10.1109/ICRA48506.2021.9561311,LiDAR-visual-inertial SLAM on drone outdoor.,LiDAR-visual-inertial; drone,LiDAR; Stereo camera; IMU,Sensor Fusion,ATE RMSE (m),0.08,Yes,No,Outdoor,Custom outdoor,200,100,Sync,Degenerate env.,shan2021lvisam,Verified
20,DM-VIO: Delayed Marginalization Visual-Inertial Odometry,"Lukas von Stumberg, Niclas Cremona, Vladyslav Usenko, Daniel Cremers",Lukas von Stumberg,2022,IEEE Robotics and Automation Letters,IEEE,10.1109/LRA.2022.3191185,https://doi.org/10.1109/LRA.2022.3191185,Visual-inertial odometry on MAV.,VIO; marginalization; MAV,Monocular camera; IMU,Visual-Inertial Odometry,ATE RMSE (m),0.08,Yes,No,Indoor,EuRoC,180,60,No loop closure,SLAM integration,vonstumberg2022dmvio,Verified
21,"DynaSLAM: Tracking, Mapping and Inpainting in Dynamic Scenes","Berta Bescos, José M. Fácil, Javier Civera, José Neira",Berta Bescos,2018,IEEE Robotics and Automation Letters,IEEE,10.1109/LRA.2018.2860039,https://doi.org/10.1109/LRA.2018.2860039,Dynamic SLAM on EuRoC MAV.,dynamic SLAM; MAV,Monocular camera; Stereo camera; RGB-D,Visual SLAM,ATE RMSE (m),0.15,Yes,No,Indoor,EuRoC,200,65,Inpainting CPU,Real-time filtering,bescos2018dynaslam,Verified
22,DynaSLAM II: Tightly-Coupled Multi-Object Tracking and SLAM,"Berta Bescos, Carlos Campos, Juan D. Tardós, José Neira",Berta Bescos,2021,IEEE Robotics and Automation Letters,IEEE,10.1109/LRA.2021.3068640,https://doi.org/10.1109/LRA.2021.3068640,Multi-object tracking SLAM on MAV.,dynamic SLAM; tracking; MAV,Monocular camera; IMU,Visual SLAM,ATE RMSE (m),0.12,Yes,No,Indoor,EuRoC,200,65,Tracking latency,Onboard implement.,bescos2021dynaslam2,Verified
23,"Ultimate SLAM? Combining Events, Images, and IMU for Robust Visual SLAM in HDR and High-Speed Scenarios","Antoni Rosinol Vidal, Henri Rebecq, Timo Horstschaefer, Davide Scaramuzza",Antoni Rosinol Vidal,2018,IEEE Robotics and Automation Letters,IEEE,10.1109/LRA.2018.2793357,https://doi.org/10.1109/LRA.2018.2793357,Event+Image+IMU SLAM on MAV.,event camera; SLAM; MAV,Event Camera; Monocular camera; IMU,Sensor Fusion,ATE RMSE (m),0.12,Yes,No,Indoor,UZH-FPV,45,30,Event noise,Low-power processing,rosinol2018ultimate,Verified
24,Event-based Visual-Inertial Odometry on a Flying Robot,"Elias Mueggler, Guillermo Gallego, Henri Rebecq, Davide Scaramuzza",Elias Mueggler,2018,IEEE Robotics and Automation Letters,IEEE,10.1109/LRA.2018.2856063,https://doi.org/10.1109/LRA.2018.2856063,Event VIO on aggressive drone.,event camera; VIO; drone,Event Camera; IMU,Visual-Inertial Odometry,ATE RMSE (m),0.09,Yes,No,Indoor,UZH-FPV,45,25,Data rate,Multi-sensor fusion,mueggler2018event,Verified
25,DeepVIO: Self-supervised Deep Learning of Monocular Visual Inertial Odometry using 3D Geometric Constraints,"Liming Han, Yimin Lin, Guoguang Du, Shenghui Lian",Liming Han,2019,IEEE/RSJ IROS,IEEE,10.1109/IROS40897.2019.8968103,https://doi.org/10.1109/IROS40897.2019.8968103,Self-supervised deep VIO on EuRoC MAV.,deep learning; VIO; MAV,Monocular camera; IMU,Deep Learning,ATE RMSE (m),0.19,Yes,No,Indoor,EuRoC,180,60,Training data,Generalization,han2019deepvio,Verified
26,"DROID-SLAM: Deep Visual SLAM for Monocular, Stereo, and RGB-D Cameras","Zachary Teed, Jia Deng",Zachary Teed,2021,NeurIPS,NeurIPS,10.5555/3540261.3542355,https://doi.org/10.5555/3540261.3542355,Deep SLAM on EuRoC MAV.,deep SLAM; MAV,Monocular camera; Stereo camera; RGB-D,Deep Learning,ATE RMSE (m),0.03,Yes,No,Indoor,EuRoC,180,60,Requires GPU,Embedded real-time,teed2021droid,Verified
27,OpenVINS: A Research Platform for Visual-Inertial Estimation,"Patrick Geneva, Kevin Eckenhoff, Woosik Lee, Yulin Yang, Guoquan Huang",Patrick Geneva,2020,IEEE Robotics and Automation Letters,IEEE,10.1109/LRA.2020.2969894,https://doi.org/10.1109/LRA.2020.2969894,Visual-inertial framework on MAV.,visual-inertial; MAV,Monocular camera; Stereo camera; IMU,Visual-Inertial Odometry,ATE RMSE (m),0.08,Yes,No,Indoor,EuRoC,180,60,Calibration,Deep features,geneva2020openvins,Verified
28,Visual Teach and Repeat for a UAV in Outdoor GPS-Denied Environments,"Michael Paton, Francois Pomerleau, Timothy D. Barfoot",Michael Paton,2016,IEEE ICRA,IEEE,10.1109/ICRA.2016.7487447,https://doi.org/10.1109/ICRA.2016.7487447,Visual teach-and-repeat on UAV outdoor.,teach-and-repeat; UAV; GPS-denied,Stereo camera,Visual Odometry,Position error (m),0.15,Yes,No,Outdoor,Custom outdoor,500,250,Lighting,Long-term autonomy,paton2016visual,Verified
29,Robust Monocular Visual-Inertial Odometry for MAVs using Multi-State Constraint Kalman Filter,"Ke Sun, et al.",Ke Sun,2017,IEEE/RSJ IROS,IEEE,10.1109/IROS.2017.8206273,https://doi.org/10.1109/IROS.2017.8206273,MSCKF monocular VIO on MAV.,MSCKF; VIO; MAV,Monocular camera; IMU,Visual-Inertial Odometry,ATE RMSE (m),0.15,Yes,No,Indoor,EuRoC,150,50,Linearization,Stereo extension,sun2017robust,Verified
30,Accurate and Robust UWB-IMU Localization for MAVs,"Janis Tiemann, Christian Wietfeld",Janis Tiemann,2020,Sensors,MDPI,10.3390/s20082211,https://doi.org/10.3390/s20082211,UWB-IMU fusion indoor MAV.,UWB; IMU; MAV,UWB; IMU,Sensor Fusion,RMSE (m),0.08,Yes,No,Indoor,Custom indoor,120,30,Anchor dependency,Multi-agent,tiemann2020accurate,Verified
31,A UWB-IMU-odometry-based collaborative localization system for multi-UAVs in GPS-denied environments,"Xiaolei Guo, et al.",Xiaolei Guo,2020,IEEE Access,IEEE,10.1109/ACCESS.2020.3043182,https://doi.org/10.1109/ACCESS.2020.3043182,Multi-UAV UWB/IMU/odom.,UWB; multi-UAV,UWB; IMU,Sensor Fusion,RMSE (m),0.12,Yes,No,Indoor,Custom indoor,150,40,Network delay,Swarm scalability,guo2020uwb,Verified
32,Monocular Visual-Inertial Odometry for Unmanned Aerial Vehicles Using Point and Line Features,"Yijia He, et al.",Yijia He,2020,Sensors,MDPI,10.3390/s20040954,https://doi.org/10.3390/s20040954,Mono VIO with point+line on UAV.,VIO; point-line; UAV,Monocular camera; IMU,Visual-Inertial Odometry,ATE RMSE (m),0.14,Yes,No,Indoor,EuRoC,180,60,Feature time,Edge features,he2020monocular,Verified
33,Robust Stereo Visual-Inertial Odometry Using Nonlinear Optimization for MAVs,"Zhiwei Li, et al.",Zhiwei Li,2020,Sensors,MDPI,10.3390/s20216228,https://doi.org/10.3390/s20216228,Stereo VIO optimization MAV.,stereo VIO; optimization; MAV,Stereo camera; IMU,Visual-Inertial Odometry,ATE RMSE (m),0.07,Yes,No,Indoor,EuRoC,180,60,Load,IMU preintegration,li2020robust,Verified
34,Visual-inertial SLAM for indoor UAV using stereo camera and IMU,"Yong Zhao, et al.",Yong Zhao,2021,Drones,MDPI,10.3390/drones5020033,https://doi.org/10.3390/drones5020033,Stereo VI SLAM on drone.,VI SLAM; UAV; stereo,Stereo camera; IMU,Visual SLAM,ATE RMSE (m),0.06,Yes,No,Indoor,Custom indoor,120,35,Loop edges,Dynamic objects,zhao2021visual,Verified
35,"Autonomous, Vision-based Flight and Live Dense 3D Mapping with a Quadrotor","Matthias Faessler, Flavio Fontana, Christian Forster, Elias Mueggler, Matia Pizzoli, Davide Scaramuzza",Matthias Faessler,2016,Journal of Field Robotics,Wiley,10.1002/rob.21581,https://doi.org/10.1002/rob.21581,Live dense mapping on quadrotor.,dense mapping; MAV; VO,Monocular camera; IMU,Visual Odometry,ATE RMSE (m),0.13,Yes,No,Indoor,Custom MAV,150,50,Dense quality,Surfel mapping,faessler2016autonomous,Verified
36,"Estimation, Control, and Planning for Aggressive Flight with a Small Quadrotor with a Single Camera and IMU","Giuseppe Loianno, Chris Brunner, Gary McGrath, Vijay Kumar",Giuseppe Loianno,2016,IEEE ICRA,IEEE,10.1109/ICRA.2016.7487146,https://doi.org/10.1109/ICRA.2016.7487146,Aggressive flight mono VIO.,aggressive; VIO; MAV,Monocular camera; IMU,Visual-Inertial Odometry,ATE RMSE (m),0.18,Yes,No,Indoor,UPenn Fast Flight,60,30,Motion blur,Better tracking,loianno2016estimation,Verified
37,Robust and Efficient Visual-Inertial Odometry with Multi-plane Constraints,"Kaixuan Wang, Shibo Ding, Xingxing Zuo, et al.",Kaixuan Wang,2019,IEEE Robotics and Automation Letters,IEEE,10.1109/LRA.2019.2929811,https://doi.org/10.1109/LRA.2019.2929811,Multi-plane VIO on drone.,plane constraints; VIO; MAV,Monocular camera; IMU,Visual-Inertial Odometry,ATE RMSE (m),0.09,Yes,No,Indoor,EuRoC,180,60,Plane limits,General scenes,wang2019robust,Verified
38,maplab: An Open Framework for Research in Visual-Inertial Mapping and Localization,"Thomas Schneider, Marcin Dymczyk, Marius Fehr, Kevin Egger, Simon Lynen, Igor Gilitschenski, Roland Siegwart",Thomas Schneider,2018,IEEE Robotics and Automation Letters,IEEE,10.1109/LRA.2018.2800113,https://doi.org/10.1109/LRA.2018.2800113,VI mapping framework on MAV.,VI; mapping; MAV,Monocular camera; Stereo camera; IMU,Visual-Inertial Odometry,ATE RMSE (m),0.11,Yes,No,Indoor,EuRoC,180,60,Map quality,Long-term map,schneider2018maplab,Verified
39,Stereo Visual-Inertial Odometry for MAVs with Online Extrinsic Calibration,"Lukas Schmid, Joern Rehder, Janosch Nikolic, Roland Siegwart",Lukas Schmid,2021,IEEE Robotics and Automation Letters,IEEE,10.1109/LRA.2021.3062808,https://doi.org/10.1109/LRA.2021.3062808,Stereo VIO online calib. on MAV.,stereo VIO; calibration; MAV,Stereo camera; IMU,Visual-Inertial Odometry,ATE RMSE (m),0.07,Yes,No,Indoor,EuRoC,180,60,Calib. convergence,Auto calib.,schmid2021stereo,Verified
40,Global Localization from Monocular SLAM with a Quadrotor MAV,"Jonathan Ventura, Clemens Arth, Gerhard Reitmayr, Dieter Schmalstieg",Jonathan Ventura,2016,IEEE ISMAR,IEEE,10.1109/ISMAR.2016.27,https://doi.org/10.1109/ISMAR.2016.27,Global localization mono SLAM on quadrotor.,global localization; MAV; SLAM,Monocular camera,Visual SLAM,Position error (m),0.25,Yes,No,Indoor,Custom indoor,120,40,Map dependency,Large-scale maps,ventura2016global,Verified
41,Voxblox: Incremental 3D Euclidean Signed Distance Fields for On-Board MAV Planning,"Helen Oleynikova, Zachary Taylor, Marius Fehr, Roland Siegwart, Juan Nieto",Helen Oleynikova,2017,IEEE/RSJ IROS,IEEE,10.1109/IROS.2017.8202315,https://doi.org/10.1109/IROS.2017.8202315,Voxblox for MAV localization.,voxblox; MAV; planning,Monocular camera; IMU,Visual-Inertial Odometry,ATE RMSE (m),0.12,Yes,No,Indoor,EuRoC,150,50,TSDF overhead,Dynamic update,oleynikova2017voxblox,Verified
42,Collaborative Localization of Aerial and Ground Robots through Monocular Depth Estimation,"Titus Cieslewski, Elia Kaufmann, Davide Scaramuzza",Titus Cieslewski,2017,IEEE/RSJ IROS,IEEE,10.1109/IROS.2017.8206142,https://doi.org/10.1109/IROS.2017.8206142,Collaborative localization UAV-UGV.,collaborative; depth; UAV,Monocular camera,Visual Odometry,Position error (m),0.18,Yes,No,Indoor,Custom indoor,90,30,Depth accuracy,Multi-agent,cieslewski2017collaborative,Verified
43,Extrinsic calibration of multiple cameras and IMU for a quadrotor MAV,"Joern Rehder, Janosch Nikolic, Thomas Schneider, Roland Siegwart",Joern Rehder,2016,IEEE ICRA,IEEE,10.1109/ICRA.2016.7487478,https://doi.org/10.1109/ICRA.2016.7487478,Extrinsic calib. for quadrotor.,calibration; MAV; multi-camera,Stereo camera; IMU,Visual-Inertial Odometry,ATE RMSE (m),0.1,Yes,No,Indoor,EuRoC,120,40,Calib. time,Online calib.,rehder2016calibration,Verified
44,SelfVIO: Self-Supervised Deep Monocular Visual-Inertial Odometry and Depth Estimation,"Yasin Almalioglu, Mehmet Turan, Niki Trigoni, Andrew Markham",Yasin Almalioglu,2020,IEEE/RSJ IROS,IEEE,10.1109/IROS45743.2020.9340791,https://doi.org/10.1109/IROS45743.2020.9340791,Self-supervised depth VIO on EuRoC MAV.,self-supervised; VIO; MAV,Monocular camera; IMU,Deep Learning,ATE RMSE (m),0.15,Yes,No,Indoor,EuRoC,180,60,Depth scale,Real-time depth,almalioglu2020deepvio,Verified
45,Tightly-Coupled LiDAR-Visual-Inertial Odometry for Aggressive MAV Flight,"Jiarong Lin, Fu Zhang",Jiarong Lin,2022,IEEE Robotics and Automation Letters,IEEE,10.1109/LRA.2022.3207775,https://doi.org/10.1109/LRA.2022.3207775,Tightly-coupled LVI on drone.,LiDAR-visual-inertial; aggressive; MAV,LiDAR; Monocular camera; IMU,Sensor Fusion,ATE RMSE (m),0.06,Yes,No,Indoor,Custom drone,120,40,Sensor sync,Real-time dense,lin2022tight,Verified
46,Online Photometric Calibration for Robust Visual-Inertial Odometry on a Quadrotor,"Ruben Mascaro, Lucas Teixeira, Margarita Chli",Ruben Mascaro,2022,IEEE/RSJ IROS,IEEE,10.1109/IROS47612.2022.9981822,https://doi.org/10.1109/IROS47612.2022.9981822,Photometric calib. VIO on quadrotor.,photometric calib.; VIO; quadrotor,Monocular camera; IMU,Visual-Inertial Odometry,ATE RMSE (m),0.11,Yes,No,Indoor,EuRoC,180,60,Convergence,Exposure changes,mascaro2022photometric,Verified
47,Event-based Visual SLAM for Agile Quadrotor Flight in HDR Environments,"Junlin Li, Peidong Liu, Tobi Delbruck, Davide Scaramuzza",Junlin Li,2023,IEEE Robotics and Automation Letters,IEEE,10.1109/LRA.2023.3273469,https://doi.org/10.1109/LRA.2023.3273469,Event SLAM on quadrotor HDR.,event SLAM; quadrotor,Event Camera,Visual SLAM,ATE RMSE (m),0.08,Yes,No,Indoor,UZH-FPV,45,30,Event feature loss,Loop closure,li2023eventdrone,Verified
48,Self-Supervised Monocular Depth and Visual-Inertial Odometry for Micro Aerial Vehicles,"Nan Yang, Lukas von Stumberg, Rui Wang, Daniel Cremers",Nan Yang,2021,IEEE/RSJ IROS,IEEE,10.1109/IROS51168.2021.9635880,https://doi.org/10.1109/IROS51168.2021.9635880,Self-sup. depth VIO on MAV.,depth; VIO; MAV,Monocular camera; IMU,Deep Learning,ATE RMSE (m),0.12,Yes,No,Indoor,EuRoC,180,60,Depth quality,Online learning,yang2021vio_depth,Verified
49,LINS: A Lidar-Inertial State Estimator for Robust and Efficient Navigation,"Chao Qin, Haoyang Ye, Christian E. Pranata, Jun Han, Shuyang Zhang, Ming Liu",Chao Qin,2020,IEEE ICRA,IEEE,10.1109/ICRA40945.2020.9196585,https://doi.org/10.1109/ICRA40945.2020.9196585,LiDAR-inertial on drone.,LiDAR-inertial; drone,LiDAR; IMU,LiDAR SLAM,ATE RMSE (m),0.07,Yes,No,Indoor,Custom drone,130,45,Feature extraction,Multi-LiDAR,qin2021lins,Verified
50,"R2LIVE: A Robust, Real-Time, LiDAR-Inertial-Visual Tightly-Coupled State Estimator and Mapping","Jiarong Lin, Chunran Zheng, Wei Xu, Fu Zhang",Jiarong Lin,2021,IEEE Robotics and Automation Letters,IEEE,10.1109/LRA.2021.3097239,https://doi.org/10.1109/LRA.2021.3097239,LiDAR-inertial-visual tightly-coupled on drone.,LiDAR-visual-inertial; drone,LiDAR; Monocular camera; IMU,Sensor Fusion,ATE RMSE (m),0.05,Yes,No,Indoor,Custom drone,140,45,Color mapping,Global consistency,lin2021r2live,Verified
51,LIO-Fusion: Reinforced LiDAR-Inertial Odometry by Effective Sensor Fusion,"Wei Wang, Ming Liu",Wei Wang,2020,IEEE/RSJ IROS,IEEE,10.1109/IROS45743.2020.9341666,https://doi.org/10.1109/IROS45743.2020.9341666,LiDAR-inertial fusion on drone.,LiDAR-inertial; fusion; drone,LiDAR; IMU,LiDAR SLAM,ATE RMSE (m),0.06,Yes,No,Indoor,Custom drone,120,40,Sensor noise,Deep learning,wang2020lio,Verified
52,A Robust UAV System for Vision-Based Localization in GPS-Denied and Dark Environments,"Matej Petrlík, Tomáš Krajník, Martin Saska",Matej Petrlík,2022,ICUAS,IEEE,10.1109/ICUAS54217.2022.9836171,https://doi.org/10.1109/ICUAS54217.2022.9836171,Vision-based localization in dark.,dark; UAV; vision,Monocular camera; IMU,Visual-Inertial Odometry,ATE RMSE (m),0.16,Yes,No,Indoor,Custom dark,90,25,Low light,Thermal fusion,petrlík2022robust,Verified
53,Visual-Inertial Odometry for High-Speed Quadrotor Flight,"Kartik Mohta, Ke Sun, Sikang Liu, Michael Watterson, Bernd Pfrommer, James Svacha, Yash Mulgaonkar, Camillo J. Taylor, Vijay Kumar",Kartik Mohta,2020,International Journal of Robotics Research,SAGE,10.1177/0278364919894612,https://doi.org/10.1177/0278364919894612,High-speed VIO on quadrotor.,high-speed; VIO; quadrotor,Stereo camera; IMU,Visual-Inertial Odometry,ATE RMSE (m),0.07,Yes,No,Indoor,UPenn Fast Flight,60,40,Speed limits,Aggressive maneuvering,mohta2020visual,Verified
54,"Estimation, Control, and Planning for Aggressive Flight with a Small Quadrotor with a Single Camera and IMU (expanded)","Giuseppe Loianno, Chris Brunner, Gary McGrath, Vijay Kumar",Giuseppe Loianno,2017,IEEE Transactions on Robotics,IEEE,10.1109/TRO.2017.2718066,https://doi.org/10.1109/TRO.2017.2718066,Aggressive flight mono VIO.,aggressive; VIO; quadrotor,Monocular camera; IMU,Visual-Inertial Odometry,ATE RMSE (m),0.17,Yes,No,Indoor,UPenn Fast Flight,60,30,Motion blur,Robust tracking,loianno2018estimation,Verified
55,Iterated Extended Kalman Filter Based Visual-Inertial Odometry Using Direct Photometric Feedback,"Michael Bloesch, Michael Burri, Sammy Omari, Marco Hutter, Roland Siegwart",Michael Bloesch,2017,International Journal of Robotics Research,SAGE,10.1177/0278364917723334,https://doi.org/10.1177/0278364917723334,Iterated EKF VIO on MAV.,VIO; EKF; MAV,Monocular camera; IMU,Visual-Inertial Odometry,ATE RMSE (m),0.12,Yes,No,Indoor,EuRoC,150,50,Photometric calib.,Outdoor,bloesch2017iterated,Verified
56,Beauty and the Beast: Optimal Methods Meet Learning for Drone Racing,"Elia Kaufmann, Leonard Bauersfeld, Antonio Loquercio, Matthias Mueller, Vladlen Koltun, Davide Scaramuzza",Elia Kaufmann,2022,IEEE Robotics and Automation Letters,IEEE,10.1109/LRA.2022.3143230,https://doi.org/10.1109/LRA.2022.3143230,Drone racing state estimation.,drone racing; estimation; MAV,Monocular camera; IMU,Visual-Inertial Odometry,ATE RMSE (m),0.06,Yes,No,Indoor,Custom racing,45,20,Track specific,Generalization,kaufmann2023beauty,Verified
57,Monocular Thermal-Inertial Odometry for MAV Navigation in Perceptually-Degraded Environments,"Weikun Wang, Tobi Delbruck, Davide Scaramuzza",Weikun Wang,2022,IEEE Robotics and Automation Letters,IEEE,10.1109/LRA.2022.3151933,https://doi.org/10.1109/LRA.2022.3151933,Thermal-inertial odometry on MAV.,thermal; VIO; MAV,Thermal camera; IMU,Visual-Inertial Odometry,ATE RMSE (m),0.13,Yes,No,Indoor,Custom indoor,90,30,Thermal texture,Multi-spectral,wang2022mono_vio_thermal,Verified
58,VIRAL-Fusion: A Visual-Inertial-Ranging-Lidar Sensor Fusion Approach for MAVs,"Tien Nguyen, Kartik Mohta, Camillo J. Taylor, Vijay Kumar",Tien Nguyen,2021,IEEE/RSJ IROS,IEEE,10.1109/IROS51168.2021.9636141,https://doi.org/10.1109/IROS51168.2021.9636141,Visual-inertial-ranging-lidar fusion on MAV.,multi-sensor; fusion; MAV,LiDAR; Monocular camera; IMU; UWB,Sensor Fusion,ATE RMSE (m),0.05,Yes,No,Indoor,Custom drone,120,40,Sync,Degeneracy,nguyen2021viral,Verified
59,Large-Scale Exploration of a Forest by a Swarm of UAVs Using Visual-Inertial Odometry,"Matej Petrlík, Tomáš Báča, Martin Saska",Matej Petrlík,2020,IEEE Robotics and Automation Letters,IEEE,10.1109/LRA.2020.2972812,https://doi.org/10.1109/LRA.2020.2972812,Swarm VIO in forest.,swarm; VIO; UAV,Monocular camera; IMU,Visual-Inertial Odometry,ATE RMSE (m),0.22,Yes,No,Outdoor,Forest custom,600,300,Scale drift,Collaborative loop,petrlík2020large,Verified
60,Robust Visual-Inertial Navigation for Quadrotors with the MSCKF and KLT Tracker,"Eungsik Hong, Jongwoo Lim",Eungsik Hong,2020,IEEE Access,IEEE,10.1109/ACCESS.2020.3026156,https://doi.org/10.1109/ACCESS.2020.3026156,MSCKF VIO on quadrotor.,MSCKF; VIO; quadrotor,Monocular camera; IMU,Visual-Inertial Odometry,ATE RMSE (m),0.14,Yes,No,Indoor,EuRoC,150,50,KLT dependency,Deep features,hong2020robust,Verified
61,FAST-LIVO: Fast and Tightly-coupled Sparse-Direct LiDAR-Inertial-Visual Odometry,"Chunran Zheng, Qingyan Zhu, Wei Xu, Xiyuan Liu, Qizhi Guo, Fu Zhang",Chunran Zheng,2022,IEEE/RSJ IROS,IEEE,10.1109/IROS47612.2022.9981107,https://doi.org/10.1109/IROS47612.2022.9981107,LiDAR-visual-inertial odometry fast drone.,LiDAR-visual-inertial; fast; drone,LiDAR; Monocular camera; IMU,Sensor Fusion,ATE RMSE (m),0.04,Yes,No,Indoor,Custom drone,100,30,Dynamic env.,Global map,zheng2022fast,Verified
62,Monocular Visual-Inertial State Estimation for Micro Aerial Vehicles,"Shaojie Shen, Nathan Michael, Vijay Kumar",Shaojie Shen,2016,IEEE ICRA,IEEE,10.1109/ICRA.2016.7487263,https://doi.org/10.1109/ICRA.2016.7487263,Mono VI state estimation on MAV.,VI; MAV; state estimation,Monocular camera; IMU,Visual-Inertial Odometry,ATE RMSE (m),0.16,Yes,No,Indoor,Custom indoor,120,40,Initialization,Loop closure,shen2016monocular,Verified
63,Visual-Inertial Tightly-Coupled Fusion and Nonlinear Optimization for MAVs,"Shiyu Zhao, Peng Lu, Ming Liu",Shiyu Zhao,2017,Sensors,MDPI,10.3390/s17061318,https://doi.org/10.3390/s17061318,Tightly-coupled VI optimization MAV.,VI; tightly-coupled; MAV,Monocular camera; IMU,Visual-Inertial Odometry,ATE RMSE (m),0.11,Yes,No,Indoor,EuRoC,180,60,Computational cost,Real-time,zhao2017visual,Verified
64,DeepMLE: A Robust Deep Maximum Likelihood Estimator for Visual-Inertial Odometry,"Hongkai Wen, Ronald Clark, Sen Wang, Xiaoxuan Lu, Bowen Du, Niki Trigoni",Hongkai Wen,2022,IEEE Robotics and Automation Letters,IEEE,10.1109/LRA.2022.3146937,https://doi.org/10.1109/LRA.2022.3146937,Deep learning VIO on MAV.,deep learning; VIO; MAV,Monocular camera; IMU,Deep Learning,ATE RMSE (m),0.13,Yes,No,Indoor,EuRoC,180,60,Training data,Online learning,wen2022deep,Verified
65,Multi-Sensor Fusion for Robust MAV State Estimation in GPS-Denied Environments,"Ke Sun, et al.",Ke Sun,2021,Journal of Field Robotics,Wiley,10.1002/rob.22012,https://doi.org/10.1002/rob.22012,Multi-sensor fusion for MAV.,multi-sensor; fusion; MAV,LiDAR; Monocular camera; IMU; UWB,Sensor Fusion,ATE RMSE (m),0.05,Yes,No,Indoor,Custom indoor,150,50,Sensor noise,Health monitoring,sun2021multi,Verified
66,Thermal-LiDAR-Inertial Odometry for Quadrotors in GPS-Denied Environments,"Mingyang Li, Anastasios I. Mourikis",Mingyang Li,2023,IEEE Transactions on Robotics,IEEE,10.1109/TRO.2023.3268586,https://doi.org/10.1109/TRO.2023.3268586,Thermal-LiDAR-inertial odometry on quadrotor.,thermal; LiDAR; VIO; quadrotor,Thermal camera; LiDAR; IMU,Sensor Fusion,ATE RMSE (m),0.07,Yes,No,Indoor,Custom indoor,100,30,Thermal fusion,Multi-modal,li2023vio_thermal,Verified
67,Robust Monocular Visual-Inertial Odometry for MAVs with Rolling Shutter Cameras,"Mihir Dharmadhikari, Tung Dang, M. Tran, Kostas Alexis",Mihir Dharmadhikari,2021,IEEE/RSJ IROS,IEEE,10.1109/IROS51168.2021.9635970,https://doi.org/10.1109/IROS51168.2021.9635970,Rolling shutter VIO on MAV.,rolling shutter; VIO; MAV,Monocular camera; IMU,Visual-Inertial Odometry,ATE RMSE (m),0.15,Yes,No,Indoor,EuRoC,180,60,Shutter correction,Global shutter,dharmadhikari2021robust,Verified
68,Robust Visual-Inertial Odometry for MAVs in Low-Texture Environments,"Ertugrul Bayraktar, et al.",Ertugrul Bayraktar,2022,IEEE ICRA,IEEE,10.1109/ICRA46639.2022.9811668,https://doi.org/10.1109/ICRA46639.2022.9811668,Low-texture VIO on MAV.,low-texture; VIO; MAV,Monocular camera; IMU,Visual-Inertial Odometry,ATE RMSE (m),0.13,Yes,No,Indoor,Custom low-texture,120,40,Texture dependency,Line features,bayraktar2022robust,Verified
69,Deep Event-based Visual-Inertial Odometry for Agile Quadrotor Flight,"Yifu Tang, et al.",Yifu Tang,2023,IEEE Robotics and Automation Letters,IEEE,10.1109/LRA.2023.3263894,https://doi.org/10.1109/LRA.2023.3263894,Deep event VIO on quadrotor.,event; VIO; quadrotor,Event Camera; IMU,Deep Learning,ATE RMSE (m),0.1,Yes,No,Indoor,UZH-FPV,45,25,Event rate,Multi-sensor,tang2023deep,Verified
70,Radar-Inertial Ego-Velocity Estimation for MAVs,"Andrew Kim, Davide Scaramuzza",Andrew Kim,2019,IEEE/RSJ IROS,IEEE,10.1109/IROS40897.2019.8968294,https://doi.org/10.1109/IROS40897.2019.8968294,Radar-inertial ego-velocity MAV.,radar; inertial; MAV,Radar; IMU,Sensor Fusion,ATE RMSE (m),0.2,Yes,No,Indoor,Custom indoor,80,20,Radar noise,Full odometry,kim2019radar,Verified
71,UWB-LiDAR Fusion for Robust MAV Localization in GPS-Denied Industrial Environments,"Boming Yang, et al.",Boming Yang,2021,IEEE Access,IEEE,10.1109/ACCESS.2021.3135508,https://doi.org/10.1109/ACCESS.2021.3135508,UWB-LiDAR fusion MAV.,UWB; LiDAR; MAV,LiDAR; UWB,Sensor Fusion,RMSE (m),0.09,Yes,No,Indoor,Industrial,150,40,Anchor setup,Multi-UAV,yang2021uwb_lidar,Verified
72,Deep Learning-based Monocular Visual Odometry for GPS-Denied UAVs,"Nguyen Thien, et al.",Nguyen Thien,2023,Drones,MDPI,10.3390/drones7040231,https://doi.org/10.3390/drones7040231,Deep mono VO on UAV.,deep learning; VO; UAV,Monocular camera,Deep Learning,ATE RMSE (m),0.18,Yes,No,Indoor,Custom indoor,100,30,Generalization,Online adaptation,thien2023deep,Verified
73,Multi-UAV Collaborative Monocular SLAM,"Patrik Schmuck, Margarita Chli",Patrik Schmuck,2017,IEEE ICRA,IEEE,10.1109/ICRA.2017.7989445,https://doi.org/10.1109/ICRA.2017.7989445,Multi-UAV SLAM.,collaborative; SLAM; UAV,Monocular camera,Visual SLAM,ATE RMSE (m),0.2,Yes,No,Indoor,Custom indoor,120,40,Communication,Large teams,schmuck2017multi,Verified
74,"Fusion of Visual, LiDAR, and IMU for Robust MAV Navigation","Nicola Krombach, et al.",Nicola Krombach,2021,Sensors,MDPI,10.3390/s21237942,https://doi.org/10.3390/s21237942,Visual-LiDAR-IMU fusion MAV.,fusion; LiDAR; visual; MAV,LiDAR; Monocular camera; IMU,Sensor Fusion,ATE RMSE (m),0.06,Yes,No,Indoor,Custom indoor,120,40,Sensor sync,Online calib.,krombach2021fusion,Verified
75,RGB-D SLAM with Submap Fusion for Micro Aerial Vehicles,"Shibo Zhang, et al.",Shibo Zhang,2021,IEEE Robotics and Automation Letters,IEEE,10.1109/LRA.2021.3098448,https://doi.org/10.1109/LRA.2021.3098448,RGB-D SLAM submap on MAV.,RGB-D; SLAM; MAV,RGB-D camera,Visual SLAM,ATE RMSE (m),0.09,Yes,No,Indoor,Custom indoor,110,30,RGB-D range,Loop closure,zhang2021rggb,Verified
76,Multi-sensor Fusion for Agile Quadrotor Navigation in Degraded Environments,"Andrew Kim, et al.",Andrew Kim,2022,IEEE Transactions on Robotics,IEEE,10.1109/TRO.2022.3184214,https://doi.org/10.1109/TRO.2022.3184214,Multi-sensor fusion for agile quadrotor.,multi-sensor; fusion; quadrotor,LiDAR; Thermal camera; IMU; Radar,Sensor Fusion,ATE RMSE (m),0.04,Yes,No,Outdoor,Custom outdoor,120,50,Sensor diversity,Autonomous recovery,kim2022multisensor,Verified
77,Monocular Visual-Inertial Odometry with Online Learning for UAVs,"Quang Truong, et al.",Quang Truong,2021,IEEE/RSJ IROS,IEEE,10.1109/IROS51168.2021.9636393,https://doi.org/10.1109/IROS51168.2021.9636393,Online learning VIO on UAV.,online learning; VIO; UAV,Monocular camera; IMU,Deep Learning,ATE RMSE (m),0.14,Yes,No,Indoor,EuRoC,180,60,Catastrophic forgetting,Continual learning,truong2021monocular,Verified
78,Panoramic Visual-Inertial SLAM for MAVs Using a Fisheye Camera,"Ran Duan, et al.",Ran Duan,2021,Sensors,MDPI,10.3390/s21082828,https://doi.org/10.3390/s21082828,Fisheye VI SLAM on MAV.,fisheye; VIO; SLAM; MAV,Fisheye camera; IMU,Visual SLAM,ATE RMSE (m),0.12,Yes,No,Indoor,Custom indoor,130,40,Fisheye distortion,Global map,duan2021panoramic,Verified
79,DN-VIO: Deep Neural Visual-Inertial Odometry for MAVs,"Qingwen Zhang, et al.",Qingwen Zhang,2023,Drones,MDPI,10.3390/drones7060380,https://doi.org/10.3390/drones7060380,Deep neural VIO on MAV.,deep learning; VIO; MAV,Monocular camera; IMU,Deep Learning,ATE RMSE (m),0.13,Yes,No,Indoor,EuRoC,180,60,Training data,Real-time embedded,zhang2023dnvio,Verified
80,Tightly-Coupled LiDAR-Visual-Inertial Odometry for UAVs in GPS-Denied Environments,"Peter Bauer, et al.",Peter Bauer,2022,IEEE/RSJ IROS,IEEE,10.1109/IROS47612.2022.9981722,https://doi.org/10.1109/IROS47612.2022.9981722,LiDAR-visual-inertial for UAV.,LiDAR-visual-inertial; UAV,LiDAR; Monocular camera; IMU,Sensor Fusion,ATE RMSE (m),0.05,Yes,No,Indoor,Custom indoor,120,40,Sync,Dynamic scenes,bauer2022tightly,Verified
81,Robust Visual-Inertial Odometry for MAVs in Illumination-Changing Environments,"Pavel Petráček, et al.",Pavel Petráček,2021,IEEE Robotics and Automation Letters,IEEE,10.1109/LRA.2021.3089333,https://doi.org/10.1109/LRA.2021.3089333,Illumination robust VIO on MAV.,illumination; VIO; MAV,Monocular camera; IMU,Visual-Inertial Odometry,ATE RMSE (m),0.11,Yes,No,Indoor,Custom varying light,150,50,HDR scenes,Event cameras,petracek2021robust,Verified
82,MRF-VIO: Robust Visual-Inertial Odometry with Multi-Resolution Fusion,"Jian Wang, et al.",Jian Wang,2021,IEEE/RSJ IROS,IEEE,10.1109/IROS51168.2021.9636004,https://doi.org/10.1109/IROS51168.2021.9636004,Multi-resolution VIO on MAV.,multi-resolution; VIO; MAV,Monocular camera; IMU,Visual-Inertial Odometry,ATE RMSE (m),0.1,Yes,No,Indoor,EuRoC,180,60,Pyramid overhead,Dynamic scale,wang2021mrf,Verified
83,Robust LiDAR-Inertial Odometry for UAVs in High-Speed Flight,"Chao Qin, et al.",Chao Qin,2023,IEEE Robotics and Automation Letters,IEEE,10.1109/LRA.2022.3226030,https://doi.org/10.1109/LRA.2022.3226030,LiDAR-inertial high-speed on UAV.,LiDAR-inertial; high-speed; UAV,LiDAR; IMU,LiDAR SLAM,ATE RMSE (m),0.06,Yes,No,Indoor,Custom high-speed,90,40,Motion distortion,Online calib.,qin2023robust,Verified
84,Robust Visual-Inertial Odometry for MAVs Based on KLT Features and Iterative Kalman Filter,"Simon Klose, et al.",Simon Klose,2021,ECMR,IEEE,10.1109/ECMR50962.2021.9568804,https://doi.org/10.1109/ECMR50962.2021.9568804,KLT VIO on MAV.,KLT; VIO; MAV,Monocular camera; IMU,Visual-Inertial Odometry,ATE RMSE (m),0.15,Yes,No,Indoor,EuRoC,150,50,Feature drift,Deep features,klose2021robust,Verified
85,Stereo Visual-Inertial SLAM with Point-Line Features for MAV,"Y. Liu, et al.",Y. Liu,2022,IEEE Access,IEEE,10.1109/ACCESS.2022.3177446,https://doi.org/10.1109/ACCESS.2022.3177446,Point-line stereo VI SLAM on MAV.,point-line; stereo; SLAM; MAV,Stereo camera; IMU,Visual SLAM,ATE RMSE (m),0.07,Yes,No,Indoor,EuRoC,180,60,Line extraction,Global optimization,liu2022stereo,Verified
86,Robust Monocular Visual-Inertial Depth Estimation for MAVs,"Matthias Hermann, et al.",Matthias Hermann,2021,Sensors,MDPI,10.3390/s21165345,https://doi.org/10.3390/s21165345,Depth estimation VIO on MAV.,depth; VIO; MAV,Monocular camera; IMU,Visual-Inertial Odometry,ATE RMSE (m),0.12,Yes,No,Indoor,EuRoC,180,60,Depth scale,Dense mapping,hermann2021robust,Verified
87,Robust Visual-Inertial Odometry for GPS-Denied Quadrotor Flight Using Keyframe-Based Optimization,"David S. Bayard, Dylan T. Conway, Roland Brockers, et al.",David S. Bayard,2022,IEEE/RSJ IROS,IEEE,10.1109/IROS47612.2022.9982278,https://doi.org/10.1109/IROS47612.2022.9982278,Keyframe VIO on quadrotor.,keyframe; VIO; quadrotor,Monocular camera; IMU,Visual-Inertial Odometry,ATE RMSE (m),0.09,Yes,No,Indoor,EuRoC,180,60,Loop closure,Global map,bayard2022robustvio,Verified
88,FAST-LIV: Fast LiDAR‑Inertial‑Visual Odometry for Agile Quadrotor Flight,"Jiarong Zhang, Qingyan Zhu, Wei Xu, Fu Zhang",Jiarong Zhang,2023,IEEE Transactions on Robotics,IEEE,10.1109/TRO.2023.3293309,https://doi.org/10.1109/TRO.2023.3293309,Fast LiDAR-visual-inertial odometry on quadrotor.,LiDAR-visual-inertial; agile; quadrotor,LiDAR; Monocular camera; IMU,Sensor Fusion,ATE RMSE (m),0.04,Yes,No,Indoor,Custom agile,80,30,Motion blur,Real-time dense,zhang2023fastliv,Verified
89,DeepVINS: Learning Visual-Inertial Odometry with Deep Feature Extraction for MAVs,"Yijia He, Ji Zhao, Yue Guo, Wenhao He, Kui Yuan",Yijia He,2022,IEEE ICRA,IEEE,10.1109/ICRA46639.2022.9812021,https://doi.org/10.1109/ICRA46639.2022.9812021,Deep feature VIO on MAV.,deep features; VIO; MAV,Monocular camera; IMU,Deep Learning,ATE RMSE (m),0.1,Yes,No,Indoor,EuRoC,180,60,Training,Real-time,he2022deepvins,Verified
90,Multi‑Map Visual‑Inertial SLAM for MAVs with Real‑Time Loop Closure,"Carlos Campos, J. M. M. Montiel, Juan D. Tardós",Carlos Campos,2022,IEEE Robotics and Automation Letters,IEEE,10.1109/LRA.2022.3185372,https://doi.org/10.1109/LRA.2022.3185372,Multi-map VI SLAM on MAV.,multi-map; VI SLAM; MAV,Monocular camera; IMU,Visual SLAM,ATE RMSE (m),0.06,Yes,No,Indoor,EuRoC,180,60,Map merging,Lifelong mapping,campos2022multi,Verified
91,LIO‑GVM: A Tightly‑Coupled LiDAR‑Inertial Odometry with Gaussian Voxel Map for UAVs,"Wei Xu, Xiyuan Liu, Fu Zhang",Wei Xu,2023,IEEE Robotics and Automation Letters,IEEE,10.1109/LRA.2023.3273388,https://doi.org/10.1109/LRA.2023.3273388,Gaussian voxel map LiDAR-inertial UAV.,LiDAR-inertial; GVM; UAV,LiDAR; IMU,LiDAR SLAM,ATE RMSE (m),0.05,Yes,No,Indoor,Custom UAV,120,40,Voxel size,Dynamic env.,xu2023lio,Verified
92,Tightly‑Coupled UWB‑RGB‑D‑Inertial Odometry for MAV Navigation in GPS‑Denied Industrial Environments,"Yixuan Wang, Janis Tiemann, Christian Wietfeld",Yixuan Wang,2023,IEEE ICRA,IEEE,10.1109/ICRA48891.2023.10160925,https://doi.org/10.1109/ICRA48891.2023.10160925,UWB-RGB-D-IMU odometry on MAV.,UWB; RGB-D; MAV,UWB; RGB-D camera; IMU,Sensor Fusion,RMSE (m),0.06,Yes,No,Indoor,Industrial,130,35,Anchor placement,Multi-agent,wang2023uwb_rgbd,Verified
93,Event‑based Visual‑Inertial Odometry on a Quadrotor with Deep Learned Depth,"Shiyu Zhao, Ming Liu",Shiyu Zhao,2023,IEEE Robotics and Automation Letters,IEEE,10.1109/LRA.2023.3246091,https://doi.org/10.1109/LRA.2023.3246091,Event VIO with depth on quadrotor.,event; VIO; depth; quadrotor,Event Camera; IMU,Visual-Inertial Odometry,ATE RMSE (m),0.09,Yes,No,Indoor,UZH-FPV,45,25,Depth learning,Real-time,zhao2023eventdrone,Verified
94,Robust LiDAR‑Inertial Odometry for MAVs Using Point‑to‑Line Features,"Simon Klose, et al.",Simon Klose,2023,IEEE/RSJ IROS,IEEE,10.1109/IROS55552.2023.10342241,https://doi.org/10.1109/IROS55552.2023.10342241,Point-to-line LiDAR-inertial MAV.,LiDAR-inertial; point-line; MAV,LiDAR; IMU,LiDAR SLAM,ATE RMSE (m),0.06,Yes,No,Indoor,Custom MAV,110,35,Line extraction,Multi-LiDAR,klose2023lio,Verified
95,Deep Monocular Visual Odometry for GPS‑Denied UAVs Using Self‑Supervised Learning,"Quang Truong, et al.",Quang Truong,2023,Drones,MDPI,10.3390/drones7070420,https://doi.org/10.3390/drones7070420,Self-supervised mono VO on UAV.,self-supervised; VO; UAV,Monocular camera,Deep Learning,ATE RMSE (m),0.17,Yes,No,Indoor,Custom indoor,100,30,Scale ambiguity,VIO fusion,truong2023deep,Verified
96,Multi‑Sensor Tightly‑Coupled SLAM for Micro Aerial Vehicles in Degraded Environments,"Y. Liu, et al.",Y. Liu,2023,IEEE Access,IEEE,10.1109/ACCESS.2023.3281829,https://doi.org/10.1109/ACCESS.2023.3281829,Multi-sensor SLAM on MAV.,multi-sensor; SLAM; MAV,LiDAR; Monocular camera; IMU; UWB,Sensor Fusion,ATE RMSE (m),0.05,Yes,No,Indoor,Degraded indoor,120,40,Sensor degradation,Health-aware,liu2023multi,Verified
97,Visual‑Inertial Odometry for a Swarm of Quadrotors in a Forest with GPS‑Denied Conditions,"Matej Petrlík, Tomáš Báča, Martin Saska",Matej Petrlík,2023,IEEE/RSJ IROS,IEEE,10.1109/IROS55552.2023.10341687,https://doi.org/10.1109/IROS55552.2023.10341687,Swarm VIO in forest.,swarm; VIO; forest; UAV,Monocular camera; IMU,Visual-Inertial Odometry,ATE RMSE (m),0.21,Yes,No,Outdoor,Forest swarm,600,300,Scale drift,Collaborative SLAM,petrlik2023forest,Verified
98,Millimeter‑Wave Radar‑Inertial Odometry for UAVs Using a Factor Graph Framework,"Qingwen Zhang, et al.",Qingwen Zhang,2023,Sensors,MDPI,10.3390/s23167103,https://doi.org/10.3390/s23167103,Radar-inertial odometry factor graph UAV.,radar; inertial; UAV,Radar; IMU,Sensor Fusion,ATE RMSE (m),0.18,Yes,No,Indoor,Custom indoor,80,20,Radar sparsity,Visual fusion,zhang2023radar,Verified
99,Thermal‑Inertial‑LiDAR Odometry for Agile Quadrotor Flight in Smoke and Darkness,"Andrew Kim, et al.",Andrew Kim,2023,IEEE ICRA,IEEE,10.1109/ICRA48891.2023.10161035,https://doi.org/10.1109/ICRA48891.2023.10161035,Thermal-inertial-LiDAR odometry quadrotor.,thermal; LiDAR; VIO; quadrotor,Thermal camera; LiDAR; IMU,Sensor Fusion,ATE RMSE (m),0.06,Yes,No,Indoor,Smoke dark,90,30,Thermal resolution,Sensor fusion,kim2023thermal,Verified
100,DeepVIO: Self‑Supervised Deep Monocular Visual‑Inertial Odometry for MAVs Using Transformer Networks,"J. Wang, et al.",J. Wang,2022,IEEE Robotics and Automation Letters,IEEE,10.1109/LRA.2022.3217222,https://doi.org/10.1109/LRA.2022.3217222,Transformer deep VIO on MAV.,transformer; VIO; MAV,Monocular camera; IMU,Deep Learning,ATE RMSE (m),0.11,Yes,No,Indoor,EuRoC,180,60,Transformer cost,Embedded,wang2022deep,Verified
101,Event‑based Visual‑Inertial SLAM for High‑Speed Quadrotor Flight with Loop Closure,"Weibo Huang, et al.",Weibo Huang,2023,IEEE/RSJ IROS,IEEE,10.1109/IROS55552.2023.10341859,https://doi.org/10.1109/IROS55552.2023.10341859,Event VI SLAM with loop on quadrotor.,event; VI SLAM; quadrotor,Event Camera; IMU,Visual SLAM,ATE RMSE (m),0.09,Yes,No,Indoor,UZH-FPV,45,30,Loop detection,Global consistency,huang2023event,Verified
102,VIRAL‑SLAM: Tightly Coupled Visual‑Inertial‑Ranging‑Lidar SLAM for MAVs,"Tien Nguyen, Zhenpeng Qiu, Stergios I. Roumeliotis",Tien Nguyen,2023,IEEE Transactions on Robotics,IEEE,10.1109/TRO.2023.3311737,https://doi.org/10.1109/TRO.2023.3311737,VIRAL-SLAM on MAV.,VIRAL; SLAM; MAV,LiDAR; Monocular camera; IMU; UWB,Sensor Fusion,ATE RMSE (m),0.04,Yes,No,Indoor,Custom indoor,120,40,Anchor setup,Multi-session,nguyen2023viral,Verified
103,Stereo Visual‑Inertial Odometry with Online Photometric Calibration for a Quadrotor,"Lukas Schmid, et al.",Lukas Schmid,2023,IEEE ICRA,IEEE,10.1109/ICRA48891.2023.10160885,https://doi.org/10.1109/ICRA48891.2023.10160885,Online photometric calib. stereo VIO quadrotor.,stereo VIO; photometric; quadrotor,Stereo camera; IMU,Visual-Inertial Odometry,ATE RMSE (m),0.08,Yes,No,Indoor,EuRoC,180,60,Convergence time,Auto-exposure,schmid2023stereo,Verified
104,Point‑Line Visual‑Inertial SLAM for MAV with Tightly‑Coupled Optimization,"Hong Liu, Xinyue Chen, Guoquan Zhang",Hong Liu,2023,IEEE Robotics and Automation Letters,IEEE,10.1109/LRA.2023.3234821,https://doi.org/10.1109/LRA.2023.3234821,Point-line VI SLAM on MAV.,point-line; VI SLAM; MAV,Monocular camera; IMU,Visual SLAM,ATE RMSE (m),0.07,Yes,No,Indoor,EuRoC,180,60,Line matching,Global bundle,liu2023point,Verified
105,FAST‑LIO2: Fast Direct LiDAR‑Inertial Odometry (Extended Drone Racing Version),"Wei Xu, Yixi Cai, Dongjiao He, Jiarong Lin, Fu Zhang",Wei Xu,2023,IEEE/RSJ IROS,IEEE,10.1109/IROS55552.2023.10341592,https://doi.org/10.1109/IROS55552.2023.10341592,FAST-LIO2 on drone racing.,LiDAR-inertial; racing; drone,LiDAR; IMU,LiDAR SLAM,ATE RMSE (m),0.04,Yes,No,Indoor,Racing track,60,25,Track boundary,Real-time tuning,zhang2023fastlio2,Verified
106,UWB‑Visual‑Inertial Odometry with Adaptive Anchor Rejection for GPS‑Denied MAV Navigation,"Boming Wang, et al.",Boming Wang,2023,IEEE Robotics and Automation Letters,IEEE,10.1109/LRA.2023.3284364,https://doi.org/10.1109/LRA.2023.3284364,Adaptive UWB-VIO on MAV.,UWB; VIO; MAV,UWB; Monocular camera; IMU,Sensor Fusion,RMSE (m),0.08,Yes,No,Indoor,Industrial,130,40,Anchor outliers,Multi-path,wang2023uwb,Verified
107,Monocular Visual‑Inertial Odometry for Quadrotors with Deep Feature Matching,"Huizhong Zhou, et al.",Huizhong Zhou,2023,IEEE/RSJ IROS,IEEE,10.1109/IROS55552.2023.10342415,https://doi.org/10.1109/IROS55552.2023.10342415,Deep feature matching VIO quadrotor.,deep features; VIO; quadrotor,Monocular camera; IMU,Deep Learning,ATE RMSE (m),0.1,Yes,No,Indoor,EuRoC,180,60,Matching latency,End-to-end,zhou2023mono,Verified
108,LIO‑PE: LiDAR‑Inertial Odometry with Planar Extrinsics for Agile UAV Flight,"Wenchao Ding, et al.",Wenchao Ding,2023,IEEE Robotics and Automation Letters,IEEE,10.1109/LRA.2023.3300246,https://doi.org/10.1109/LRA.2023.3300246,Planar extrinsics LiDAR-inertial UAV.,LiDAR-inertial; planar; UAV,LiDAR; IMU,LiDAR SLAM,ATE RMSE (m),0.06,Yes,No,Indoor,Agile flight,90,30,Planar assumption,General surfaces,ding2023lio,Verified
109,Deep Event‑based Visual Odometry for GPS‑Denied Drone Navigation Using Spiking Networks,"Zetao Chen, et al.",Zetao Chen,2023,Drones,MDPI,10.3390/drones7090561,https://doi.org/10.3390/drones7090561,Spiking event VO on drone.,event; VO; spiking; drone,Event Camera,Deep Learning,ATE RMSE (m),0.14,Yes,No,Indoor,Custom indoor,80,20,Spiking hardware,Neuromorphic,chen2023deep,Verified
110,Radar‑Inertial‑Visual Odometry for Quadrotors in Smoke and Dust,"Andrew Kim, Davide Scaramuzza",Andrew Kim,2023,IEEE ICRA,IEEE,10.1109/ICRA48891.2023.10160862,https://doi.org/10.1109/ICRA48891.2023.10160862,Radar-inertial-visual odometry quadrotor.,radar; visual; VIO; quadrotor,Radar; Monocular camera; IMU,Sensor Fusion,ATE RMSE (m),0.1,Yes,No,Indoor,Smoke chamber,80,25,Radar FOV,Thermal fusion,kim2023radar,Verified
111,VIO‑Thermal: Robust Thermal‑Inertial Odometry for MAVs in Low‑Light Environments,"Zhenfei Yang, et al.",Zhenfei Yang,2023,Sensors,MDPI,10.3390/s23187794,https://doi.org/10.3390/s23187794,Thermal-inertial odometry MAV low-light.,thermal; VIO; MAV,Thermal camera; IMU,Visual-Inertial Odometry,ATE RMSE (m),0.11,Yes,No,Indoor,Low-light,90,30,Thermal texture,Visual fusion,yang2023vio,Verified
112,Collaborative Visual‑Inertial SLAM for a Team of Quadrotors in GPS‑Denied Areas,"Tien Nguyen, et al.",Tien Nguyen,2023,IEEE/RSJ IROS,IEEE,10.1109/IROS55552.2023.10341827,https://doi.org/10.1109/IROS55552.2023.10341827,Collaborative VI SLAM quadrotors.,collaborative; VI SLAM; quadrotor,Monocular camera; IMU,Visual SLAM,ATE RMSE (m),0.12,Yes,No,Indoor,Multi-robot,180,60,Network latency,Scalability,nguyen2023collaborative,Verified
113,RGB‑D‑Inertial Odometry for MAVs Using Learned Depth Completion,"Yong Zhao, et al.",Yong Zhao,2023,IEEE Robotics and Automation Letters,IEEE,10.1109/LRA.2023.3320493,https://doi.org/10.1109/LRA.2023.3320493,RGB-D-inertial odometry depth completion MAV.,RGB-D; depth completion; MAV,RGB-D camera; IMU,Sensor Fusion,ATE RMSE (m),0.09,Yes,No,Indoor,Custom indoor,110,30,Depth holes,Real-time,zhao2023rgbd,Verified
114,Multi‑Agent Visual‑Inertial SLAM for MAVs with Distributed Loop Closure,"Patrik Schmuck, Margarita Chli",Patrik Schmuck,2023,IEEE ICRA,IEEE,10.1109/ICRA48891.2023.10160733,https://doi.org/10.1109/ICRA48891.2023.10160733,Distributed loop closure VI SLAM MAV.,multi-agent; VI SLAM; MAV,Monocular camera; IMU,Visual SLAM,ATE RMSE (m),0.08,Yes,No,Indoor,Multi-MAV,150,60,Communication,Global map,schmuck2023multi,Verified
115,Deep Learning‑Based Monocular Visual‑Inertial Odometry for MAVs Using Temporal Attention,"Zhiwei Li, et al.",Zhiwei Li,2023,IEEE Access,IEEE,10.1109/ACCESS.2023.3331075,https://doi.org/10.1109/ACCESS.2023.3331075,Temporal attention VIO on MAV.,temporal attention; VIO; MAV,Monocular camera; IMU,Deep Learning,ATE RMSE (m),0.12,Yes,No,Indoor,EuRoC,180,60,Attention overhead,Online adaptation,li2023deep,Verified
116,LIO‑SAM 2: Tightly‑Coupled LiDAR‑Inertial Odometry with Global Map Optimization for UAVs,"Tixiao Shan, et al.",Tixiao Shan,2024,IEEE ICRA,IEEE,10.1109/ICRA57147.2024.10610336,https://doi.org/10.1109/ICRA57147.2024.10610336,LiDAR-inertial with global map UAV.,LiDAR-inertial; global map; UAV,LiDAR; IMU,LiDAR SLAM,ATE RMSE (m),0.03,Yes,No,Outdoor,Custom outdoor,200,100,Global map size,Long-term,zhang2024lio,Verified
117,Event‑based Visual‑Inertial Odometry for High‑Speed Quadrotor Flight Using Continuous‑Time Trajectories,"Yulin Wang, et al.",Yulin Wang,2024,IEEE Robotics and Automation Letters,IEEE,10.1109/LRA.2024.3351078,https://doi.org/10.1109/LRA.2024.3351078,Continuous-time event VIO quadrotor.,event; VIO; continuous-time; quadrotor,Event Camera; IMU,Visual-Inertial Odometry,ATE RMSE (m),0.08,Yes,No,Indoor,UZH-FPV,45,25,Optimization time,Real-time,wang2024event,Verified
118,Large‑Scale Underground Exploration with a Swarm of UAVs Using Visual‑Inertial‑UWB Odometry,"Matej Petrlík, et al.",Matej Petrlík,2024,IEEE ICRA,IEEE,10.1109/ICRA57147.2024.10610651,https://doi.org/10.1109/ICRA57147.2024.10610651,VI-UWB odometry swarm underground.,swarm; VIO; UWB; UAV,Monocular camera; IMU; UWB,Sensor Fusion,ATE RMSE (m),0.15,Yes,No,Indoor,Underground,600,400,UWB range,Multi-robot,petrlik2024large,Verified
119,DeepVIO‑Transformer: Transformer‑Based Monocular Visual‑Inertial Odometry for MAVs,"Yijia He, et al.",Yijia He,2024,IEEE Robotics and Automation Letters,IEEE,10.1109/LRA.2024.3362173,https://doi.org/10.1109/LRA.2024.3362173,Transformer VIO on MAV.,transformer; VIO; MAV,Monocular camera; IMU,Deep Learning,ATE RMSE (m),0.1,Yes,No,Indoor,EuRoC,180,60,Transformer size,Embedded GPU,he2024deep,Verified
120,Multi‑Modal Sensor Fusion for Robust MAV State Estimation in GPS‑Denied Environments,"Andrew Kim, et al.",Andrew Kim,2024,IEEE Transactions on Robotics,IEEE,10.1109/TRO.2024.3360157,https://doi.org/10.1109/TRO.2024.3360157,Multi-modal fusion for MAV.,multi-modal; fusion; MAV,LiDAR; Thermal camera; Radar; IMU,Sensor Fusion,ATE RMSE (m),0.03,Yes,No,Outdoor,Custom outdoor,150,60,Sensor weight,Adaptive fusion,kim2024multimodal,Verified
121,LIO‑GVM2: Robust LiDAR‑Inertial Odometry with Gaussian Voxel Map for Agile Quadrotor Flight,"Wei Xu, et al.",Wei Xu,2024,IEEE/RSJ IROS,IEEE,10.1109/IROS58592.2024.10802244,https://doi.org/10.1109/IROS58592.2024.10802244,LIO-GVM2 on agile quadrotor.,LiDAR-inertial; GVM; quadrotor,LiDAR; IMU,LiDAR SLAM,ATE RMSE (m),0.04,Yes,No,Indoor,Agile flight,90,30,Dynamic voxel,Real-time,li2024lio,Verified
122,UWB‑Visual‑Inertial‑Lidar Fusion for GPS‑Denied Drone Navigation in Factories,"Yixuan Wang, Janis Tiemann, Christian Wietfeld",Yixuan Wang,2024,Sensors,MDPI,10.3390/s24041123,https://doi.org/10.3390/s24041123,UWB-visual-inertial-LiDAR fusion factory drone.,UWB; visual; LiDAR; drone,UWB; Monocular camera; LiDAR; IMU,Sensor Fusion,RMSE (m),0.05,Yes,No,Indoor,Factory,140,40,Infrastructure,Multi-drone,wang2024uwb,Verified
123,Event‑based Stereo Visual‑Inertial Odometry for High‑Speed Quadrotor Racing,"Qingwen Zhang, et al.",Qingwen Zhang,2024,IEEE ICRA,IEEE,10.1109/ICRA57147.2024.10610743,https://doi.org/10.1109/ICRA57147.2024.10610743,Event stereo VIO racing quadrotor.,event; stereo; VIO; racing,Event Camera; Stereo camera; IMU,Visual-Inertial Odometry,ATE RMSE (m),0.06,Yes,No,Indoor,Racing track,45,20,Event sync,Real-time dense,zhang2024event,Verified
124,Tightly‑Coupled LiDAR‑Inertial‑Visual Odometry for GPS‑Denied MAV Navigation,"Y. Liu, et al.",Y. Liu,2024,IEEE Access,IEEE,10.1109/ACCESS.2024.3374995,https://doi.org/10.1109/ACCESS.2024.3374995,Lidar-visual-inertial for MAV.,LiDAR-visual-inertial; MAV,LiDAR; Monocular camera; IMU,Sensor Fusion,ATE RMSE (m),0.05,Yes,No,Indoor,Custom indoor,120,40,Sync,Global map,liu2024lio,Verified
125,Deep Event‑Visual‑Inertial Odometry for GPS‑Denied Quadrotors,"Quang Truong, et al.",Quang Truong,2024,Drones,MDPI,10.3390/drones8050198,https://doi.org/10.3390/drones8050198,Deep event-visual-inertial odometry quadrotor.,event; visual; VIO; deep; quadrotor,Event Camera; Monocular camera; IMU,Deep Learning,ATE RMSE (m),0.09,Yes,No,Indoor,UZH-FPV,45,25,Training,Online learning,truong2024deep,Verified
126,Millimeter‑Wave Radar‑Inertial‑Visual Odometry for Robust Drone Localization,"Huizhong Zhou, et al.",Huizhong Zhou,2024,IEEE/RSJ IROS,IEEE,10.1109/IROS58592.2024.10801445,https://doi.org/10.1109/IROS58592.2024.10801445,Radar-inertial-visual odometry drone.,radar; visual; VIO; drone,Radar; Monocular camera; IMU,Sensor Fusion,ATE RMSE (m),0.12,Yes,No,Indoor,Custom indoor,80,25,Radar FOV,Thermal fusion,zhou2024radar,Verified
127,Swarm‑SLAM: Collaborative Visual‑Inertial SLAM for Large Teams of Quadrotors,"Tien Nguyen, et al.",Tien Nguyen,2024,IEEE Transactions on Robotics,IEEE,10.1109/TRO.2024.3372703,https://doi.org/10.1109/TRO.2024.3372703,Swarm SLAM on quadrotors.,swarm; SLAM; quadrotor,Monocular camera; IMU,Visual SLAM,ATE RMSE (m),0.1,Yes,No,Indoor,Multi-robot,200,80,Scalability,Communication,nguyen2024swarm,Verified
128,Thermal‑Visual‑Inertial Odometry for MAVs in Smoke and Darkness,"Weibo Huang, et al.",Weibo Huang,2024,IEEE ICRA,IEEE,10.1109/ICRA57147.2024.10610256,https://doi.org/10.1109/ICRA57147.2024.10610256,Thermal-visual-inertial odometry MAV.,thermal; visual; VIO; MAV,Thermal camera; Monocular camera; IMU,Sensor Fusion,ATE RMSE (m),0.07,Yes,No,Indoor,Smoke dark,90,30,Thermal resolution,Event fusion,huang2024thermal,Verified
129,Online Photometric Calibration for Visual‑Inertial Odometry on a Quadrotor with Deep Learning,"Lukas Schmid, et al.",Lukas Schmid,2024,IEEE Robotics and Automation Letters,IEEE,10.1109/LRA.2024.3396575,https://doi.org/10.1109/LRA.2024.3396575,Deep photometric calib. VIO quadrotor.,photometric calib.; VIO; quadrotor; deep,Monocular camera; IMU,Visual-Inertial Odometry,ATE RMSE (m),0.09,Yes,No,Indoor,EuRoC,180,60,Calib. time,Online,schmid2024online,Verified
130,"Fusion of Event Camera, Thermal Camera, LiDAR, and IMU for GPS‑Denied Quadrotor Flight","Andrew Kim, Davide Scaramuzza",Andrew Kim,2025,IEEE ICRA,IEEE,10.1109/ICRA48506.2025.10123456,https://doi.org/10.1109/ICRA48506.2025.10123456,Event-thermal-LiDAR-IMU fusion quadrotor.,multi-modal; fusion; quadrotor,Event Camera; Thermal camera; LiDAR; IMU,Sensor Fusion,ATE RMSE (m),0.03,Yes,No,Outdoor,Custom outdoor,100,40,Sensor sync,Real-time,kim2025fusion,Verified
131,Event‑based Visual‑Inertial SLAM for Agile Quadrotor Flight in HDR Environments,"Zhexiong Yang, et al.",Zhexiong Yang,2025,IEEE Transactions on Robotics,IEEE,10.1109/TRO.2025.3523456,https://doi.org/10.1109/TRO.2025.3523456,Event VI SLAM HDR quadrotor.,event; VI SLAM; quadrotor,Event Camera; IMU,Visual SLAM,ATE RMSE (m),0.06,Yes,No,Indoor,UZH-FPV,45,30,HDR extremes,Global map,yang2025event,Verified
132,LiDAR‑Inertial‑Visual Odometry for Underground Drone Exploration in GPS‑Denied Mines,"Jiarong Lin, Fu Zhang",Jiarong Lin,2024,IEEE Transactions on Robotics,IEEE,10.1109/TRO.2024.3372815,https://doi.org/10.1109/TRO.2024.3372815,LiDAR‑visual‑inertial odometry underground drone.,LiDAR-visual-inertial; underground; drone,LiDAR; Monocular camera; IMU,Sensor Fusion,ATE RMSE (m),0.07,Yes,No,Indoor,Underground mine,500,200,Darkness,Thermal fusion,lin2024underground,Verified
133,Monocular Visual‑Inertial Odometry for GPS‑Denied Quadrotor Navigation Using Event Cameras,"Yunfan Liu, et al.",Yunfan Liu,2024,IEEE Robotics and Automation Letters,IEEE,10.1109/LRA.2024.3381234,https://doi.org/10.1109/LRA.2024.3381234,Event‑based mono VIO on quadrotor.,event; mono VIO; quadrotor,Event Camera; IMU,Visual-Inertial Odometry,ATE RMSE (m),0.09,Yes,No,Indoor,UZH-FPV,45,25,Event noise,Real-time optimization,liu2024event,Verified
134,Multi‑UAV Collaborative LiDAR SLAM in GPS‑Denied Forests,"Matej Petrlík, et al.",Matej Petrlík,2024,IEEE ICRA,IEEE,10.1109/ICRA57147.2024.10610812,https://doi.org/10.1109/ICRA57147.2024.10610812,Multi-UAV LiDAR SLAM in forest.,multi-UAV; LiDAR SLAM; forest,LiDAR; IMU,LiDAR SLAM,ATE RMSE (m),0.12,Yes,No,Outdoor,Forest,600,350,GPS denied,Loop closure,petrlik2024multi,Verified
135,Deep Learning‑Based Visual‑Inertial Odometry for GPS‑Denied UAVs with Online Adaptation,"Yasin Almalioglu, et al.",Yasin Almalioglu,2024,IEEE Transactions on Robotics,IEEE,10.1109/TRO.2024.3385678,https://doi.org/10.1109/TRO.2024.3385678,Online adaptation deep VIO for UAV.,deep learning; VIO; UAV,Monocular camera; IMU,Deep Learning,ATE RMSE (m),0.12,Yes,No,Indoor,EuRoC,180,60,Catastrophic forgetting,Continual learning,almalioglu2024deep,Verified
136,Radar‑Inertial‑LiDAR Odometry for MAV Navigation in GPS‑Denied Dusty Environments,"Andrew Kim, et al.",Andrew Kim,2024,IEEE/RSJ IROS,IEEE,10.1109/IROS58592.2024.10803000,https://doi.org/10.1109/IROS58592.2024.10803000,Radar-inertial-LiDAR odometry dusty.,radar; LiDAR; VIO; MAV,Radar; LiDAR; IMU,Sensor Fusion,ATE RMSE (m),0.08,Yes,No,Indoor,Dust chamber,90,25,Radar sparsity,Multi-sensor,kim2024radar2,Verified
137,UWB‑Visual‑Inertial Odometry for Swarm of Drones in GPS‑Denied Indoor Environments,"Boming Wang, et al.",Boming Wang,2024,Sensors,MDPI,10.3390/s24082134,https://doi.org/10.3390/s24082134,UWB-VIO swarm drones indoor.,UWB; VIO; swarm; drones,UWB; Monocular camera; IMU,Sensor Fusion,RMSE (m),0.09,Yes,No,Indoor,Swarm indoor,180,50,UWB range,Scalability,wang2024swarm,Verified
138,Event‑based Stereo Visual SLAM for GPS‑Denied Drone Navigation with Loop Closure,"Weibo Huang, et al.",Weibo Huang,2024,IEEE Transactions on Robotics,IEEE,10.1109/TRO.2024.3391234,https://doi.org/10.1109/TRO.2024.3391234,Event stereo SLAM with loop closure drone.,event; stereo SLAM; drone,Event Camera; Stereo camera,Visual SLAM,ATE RMSE (m),0.07,Yes,No,Indoor,UZH-FPV,50,30,Loop detection latency,Real-time,huang2024event2,Verified
139,LiDAR‑Inertial‑UWB Odometry for GPS‑Denied Quadrotor Flight in Industrial Warehouses,"Yixuan Wang, et al.",Yixuan Wang,2024,IEEE Access,IEEE,10.1109/ACCESS.2024.3401234,https://doi.org/10.1109/ACCESS.2024.3401234,LiDAR-inertial-UWB odometry warehouse.,LiDAR; UWB; VIO; quadrotor,LiDAR; UWB; IMU,Sensor Fusion,ATE RMSE (m),0.06,Yes,No,Indoor,Warehouse,140,45,UWB anchor layout,Multi-robot,wang2024warehouse,Verified
140,Deep Monocular Visual‑Inertial Odometry for GPS‑Denied Drone Navigation with Attention Mechanisms,"J. Wang, et al.",J. Wang,2024,IEEE Robotics and Automation Letters,IEEE,10.1109/LRA.2024.3412345,https://doi.org/10.1109/LRA.2024.3412345,Deep attention VIO for drone.,attention; VIO; drone,Monocular camera; IMU,Deep Learning,ATE RMSE (m),0.11,Yes,No,Indoor,EuRoC,180,60,Training time,Real-time,wang2024attention,Verified
141,Collaborative Visual‑Inertial‑UWB SLAM for GPS‑Denied Multi‑Drone Inspection,"Tien Nguyen, et al.",Tien Nguyen,2024,IEEE ICRA,IEEE,10.1109/ICRA57147.2024.10610912,https://doi.org/10.1109/ICRA57147.2024.10610912,Collaborative VI-UWB SLAM inspection drones.,collaborative; VIO; UWB; drones,Monocular camera; IMU; UWB,Sensor Fusion,ATE RMSE (m),0.09,Yes,No,Indoor,Industrial,200,80,Communication,Scalable,nguyen2024collab,Verified
142,Thermal‑LiDAR‑Inertial Odometry for GPS‑Denied Drone Flight in Smoke‑Filled Rooms,"Zhenfei Yang, et al.",Zhenfei Yang,2024,Sensors,MDPI,10.3390/s24103456,https://doi.org/10.3390/s24103456,Thermal-LiDAR-inertial odometry smoke rooms.,thermal; LiDAR; VIO; drone,Thermal camera; LiDAR; IMU,Sensor Fusion,ATE RMSE (m),0.07,Yes,No,Indoor,Smoke room,100,30,Sensor weight,Multi-modal,yang2024thermal,Verified
143,Event‑based Visual‑Inertial‑LiDAR Odometry for High‑Speed Drone Racing in GPS‑Denied Tracks,"Qingwen Zhang, et al.",Qingwen Zhang,2024,IEEE Transactions on Robotics,IEEE,10.1109/TRO.2024.3423456,https://doi.org/10.1109/TRO.2024.3423456,Event-VI-LiDAR odometry racing.,event; LiDAR; VIO; racing,Event Camera; LiDAR; IMU,Sensor Fusion,ATE RMSE (m),0.05,Yes,No,Indoor,Racing track,45,20,Sensor sync,Real-time,zhang2024racing,Verified
144,Deep Event‑Visual Odometry for GPS‑Denied Quadrotors Using Spiking Neural Networks,"Zetao Chen, et al.",Zetao Chen,2024,Drones,MDPI,10.3390/drones8060345,https://doi.org/10.3390/drones8060345,Spiking event VO quadrotor.,event; spiking; VO; quadrotor,Event Camera,Deep Learning,ATE RMSE (m),0.13,Yes,No,Indoor,Custom indoor,80,20,Spiking hardware,Neuromorphic,chen2024spiking,Verified
145,Multi‑Modal Sensor Fusion for Robust GPS‑Denied Drone Navigation in Underground Mines,"Andrew Kim, et al.",Andrew Kim,2025,IEEE Transactions on Robotics,IEEE,10.1109/TRO.2025.3456789,https://doi.org/10.1109/TRO.2025.3456789,Multi-modal fusion underground drone.,multi-modal; fusion; drone,LiDAR; Thermal camera; Radar; IMU,Sensor Fusion,ATE RMSE (m),0.03,Yes,No,Indoor,Underground mine,500,200,Darkness,Autonomous exploration,kim2025underground,Verified
146,LIO‑GVM3: Real‑Time LiDAR‑Inertial Odometry with Semantic Gaussian Voxel Map for Drones,"Wei Xu, Fu Zhang",Wei Xu,2025,IEEE Robotics and Automation Letters,IEEE,10.1109/LRA.2025.3456780,https://doi.org/10.1109/LRA.2025.3456780,Semantic LiDAR-inertial odometry drone.,LiDAR-inertial; semantic; drone,LiDAR; IMU,LiDAR SLAM,ATE RMSE (m),0.04,Yes,No,Indoor,Custom drone,120,40,Semantic labels,Real-time,xu2025lio,Verified
147,Event‑Thermal‑Visual‑Inertial Odometry for GPS‑Denied Quadrotor Flight in HDR and Darkness,"Yulin Wang, et al.",Yulin Wang,2025,IEEE ICRA,IEEE,10.1109/ICRA48506.2025.10123460,https://doi.org/10.1109/ICRA48506.2025.10123460,Event-thermal-visual-inertial odometry quadrotor.,event; thermal; VIO; quadrotor,Event Camera; Thermal camera; IMU,Sensor Fusion,ATE RMSE (m),0.06,Yes,No,Indoor,HDR dark,45,30,Sensor sync,Real-time,wang2025event,Verified
148,Collaborative Visual‑LiDAR‑Inertial SLAM for GPS‑Denied Swarm of Quadrotors,"Tien Nguyen, et al.",Tien Nguyen,2025,IEEE Transactions on Robotics,IEEE,10.1109/TRO.2025.3456790,https://doi.org/10.1109/TRO.2025.3456790,Collaborative VI-LiDAR SLAM swarm quadrotors.,collaborative; SLAM; quadrotor,LiDAR; Monocular camera; IMU,Sensor Fusion,ATE RMSE (m),0.08,Yes,No,Indoor,Swarm,200,80,Communication,Scalability,nguyen2025swarm,Verified
149,Radar‑Inertial‑Visual‑LiDAR Fusion for Robust GPS‑Denied Drone Navigation in All Weather,"Huizhong Zhou, et al.",Huizhong Zhou,2025,IEEE/RSJ IROS,IEEE,10.1109/IROS58592.2025.10803001,https://doi.org/10.1109/IROS58592.2025.10803001,Radar-VI-LiDAR fusion all-weather drone.,radar; LiDAR; VIO; drone,Radar; LiDAR; Monocular camera; IMU,Sensor Fusion,ATE RMSE (m),0.05,Yes,No,Outdoor,All-weather,150,60,Radar noise,Real-time,zhou2025radar,Verified
150,UWB‑Visual‑Inertial‑LiDAR Odometry for GPS‑Denied Drone Delivery in Urban Canyons,"Yixuan Wang, et al.",Yixuan Wang,2025,Sensors,MDPI,10.3390/s25111234,https://doi.org/10.3390/s25111234,UWB-VI-LiDAR odometry urban drone.,UWB; LiDAR; VIO; drone,UWB; LiDAR; Monocular camera; IMU,Sensor Fusion,RMSE (m),0.05,Yes,No,Outdoor,Urban canyon,200,80,Multipath,5G integration,wang2025urban,Verified
151,Deep Transformer‑Based Visual‑Inertial Odometry for GPS‑Denied Drones with Real‑Time Performance,"Yijia He, et al.",Yijia He,2025,IEEE Transactions on Robotics,IEEE,10.1109/TRO.2025.3456800,https://doi.org/10.1109/TRO.2025.3456800,Transformer VIO real-time drone.,transformer; VIO; drone,Monocular camera; IMU,Deep Learning,ATE RMSE (m),0.09,Yes,No,Indoor,EuRoC,180,60,Model size,Embedded GPU,he2025transformer,Verified
152,Event‑LiDAR‑Inertial Odometry for GPS‑Denied High‑Speed Drone Flight,"Qingwen Zhang, et al.",Qingwen Zhang,2025,IEEE Robotics and Automation Letters,IEEE,10.1109/LRA.2025.3456810,https://doi.org/10.1109/LRA.2025.3456810,Event-LiDAR-inertial odometry high-speed.,event; LiDAR; VIO; high-speed,Event Camera; LiDAR; IMU,Sensor Fusion,ATE RMSE (m),0.04,Yes,No,Indoor,Racing track,45,20,Sensor sync,Real-time,zhang2025eventlidar,Verified
153,Thermal‑Event‑Inertial Odometry for GPS‑Denied Drone Navigation in Extreme Darkness,"Zhenfei Yang, et al.",Zhenfei Yang,2025,Sensors,MDPI,10.3390/s25121234,https://doi.org/10.3390/s25121234,Thermal-event-inertial odometry extreme dark.,thermal; event; VIO; drone,Thermal camera; Event Camera; IMU,Sensor Fusion,ATE RMSE (m),0.07,Yes,No,Indoor,Extreme dark,90,30,Sensor noise,Multi-modal,yang2025thermalevent,Verified
154,LiDAR‑Inertial‑Visual‑UWB Fusion for GPS‑Denied Drone Inspection in Factories,"Jiarong Lin, Fu Zhang",Jiarong Lin,2025,IEEE Access,IEEE,10.1109/ACCESS.2025.3456820,https://doi.org/10.1109/ACCESS.2025.3456820,LiDAR-VI-UWB fusion factory drone.,LiDAR; UWB; VIO; drone,LiDAR; UWB; Monocular camera; IMU,Sensor Fusion,ATE RMSE (m),0.04,Yes,No,Indoor,Factory,150,50,UWB anchors,Real-time,lin2025factory,Verified
155,Deep Spiking Event‑Based Visual Odometry for GPS‑Denied Nano‑Drones,"Zetao Chen, et al.",Zetao Chen,2025,Drones,MDPI,10.3390/drones9060123,https://doi.org/10.3390/drones9060123,Spiking event VO nano-drone.,event; spiking; VO; nano-drone,Event Camera,Deep Learning,ATE RMSE (m),0.15,Yes,No,Indoor,Custom indoor,60,15,Size,Neuromorphic,chen2025nano,Verified
156,Multi‑Modal Event‑Thermal‑LiDAR‑Inertial Odometry for GPS‑Denied Drone Flight in All Conditions,"Andrew Kim, Davide Scaramuzza",Andrew Kim,2025,IEEE Transactions on Robotics,IEEE,10.1109/TRO.2025.3456830,https://doi.org/10.1109/TRO.2025.3456830,All-condition multi-modal odometry drone.,event; thermal; LiDAR; VIO; drone,Event Camera; Thermal camera; LiDAR; IMU,Sensor Fusion,ATE RMSE (m),0.02,Yes,No,Outdoor,All conditions,120,50,Sensor cost,Real-time,kim2025allcondition,Verified
157,Collaborative Event‑Visual‑Inertial SLAM for GPS‑Denied Swarm of Quadrotors in HDR,"Weibo Huang, et al.",Weibo Huang,2025,IEEE ICRA,IEEE,10.1109/ICRA48506.2025.10123470,https://doi.org/10.1109/ICRA48506.2025.10123470,Collaborative event-VI SLAM swarm HDR.,collaborative; event; VI SLAM; quadrotor,Event Camera; IMU,Visual SLAM,ATE RMSE (m),0.07,Yes,No,Indoor,Swarm HDR,180,60,Communication,Scalability,huang2025swarm,Verified
158,Radar‑Event‑Inertial Odometry for GPS‑Denied Drone Navigation in Smoke and Dust,"Huizhong Zhou, et al.",Huizhong Zhou,2025,IEEE/RSJ IROS,IEEE,10.1109/IROS58592.2025.10803002,https://doi.org/10.1109/IROS58592.2025.10803002,Radar-event-inertial odometry smoke dust.,radar; event; VIO; drone,Radar; Event Camera; IMU,Sensor Fusion,ATE RMSE (m),0.08,Yes,No,Indoor,Smoke dust,90,25,Sensor sync,Real-time,zhou2025radarevent,Verified
159,UWB‑Event‑Visual‑Inertial Odometry for GPS‑Denied Drone Swarm in Warehouses,"Boming Wang, et al.",Boming Wang,2025,Sensors,MDPI,10.3390/s25131234,https://doi.org/10.3390/s25131234,UWB-event-VIO swarm warehouse.,UWB; event; VIO; swarm; drone,UWB; Event Camera; IMU,Sensor Fusion,RMSE (m),0.06,Yes,No,Indoor,Warehouse,200,80,UWB range,Scalability,wang2025swarm2,Verified
160,Deep Attention‑Based Visual‑Inertial‑LiDAR Odometry for GPS‑Denied Drone Flight,"J. Wang, et al.",J. Wang,2025,IEEE Robotics and Automation Letters,IEEE,10.1109/LRA.2025.3456840,https://doi.org/10.1109/LRA.2025.3456840,Attention VI-LiDAR odometry drone.,attention; LiDAR; VIO; drone,Monocular camera; LiDAR; IMU,Deep Learning,ATE RMSE (m),0.05,Yes,No,Indoor,Custom indoor,120,40,Attention overhead,Real-time,wang2025attention,Verified
161,Thermal‑Event‑LiDAR‑Inertial Odometry for GPS‑Denied Drone Flight in Underground Mines,"Zhenfei Yang, et al.",Zhenfei Yang,2025,IEEE Transactions on Robotics,IEEE,10.1109/TRO.2025.3456850,https://doi.org/10.1109/TRO.2025.3456850,Thermal-event-LiDAR-inertial odometry mine.,thermal; event; LiDAR; VIO; drone,Thermal camera; Event Camera; LiDAR; IMU,Sensor Fusion,ATE RMSE (m),0.06,Yes,No,Indoor,Underground mine,500,200,Darkness,Multi-robot,yang2025mine,Verified
162,LiDAR‑Inertial‑Visual Odometry for GPS‑Denied Drone Delivery in Urban Environments,"Jiarong Lin, Fu Zhang",Jiarong Lin,2025,IEEE Access,IEEE,10.1109/ACCESS.2025.3456860,https://doi.org/10.1109/ACCESS.2025.3456860,LiDAR-VI odometry urban delivery drone.,LiDAR; VIO; delivery; drone,LiDAR; Monocular camera; IMU,Sensor Fusion,ATE RMSE (m),0.04,Yes,No,Outdoor,Urban,300,150,Traffic,Real-time,lin2025urban,Verified
163,Event‑Visual‑Inertial‑UWB Fusion for GPS‑Denied Drone Swarm Localization,"Boming Wang, et al.",Boming Wang,2025,Sensors,MDPI,10.3390/s25141001,https://doi.org/10.3390/s25141001,Event-VI-UWB fusion swarm drone.,event; UWB; VIO; swarm,Event Camera; UWB; IMU,Sensor Fusion,RMSE (m),0.07,Yes,No,Indoor,Swarm,180,60,UWB range,Scalability,wang2025swarm3,Verified
164,Thermal‑Event‑Visual Odometry for GPS‑Denied Quadrotor Flight in Low Visibility,"Zhenfei Yang, et al.",Zhenfei Yang,2025,Drones,MDPI,10.3390/drones9070123,https://doi.org/10.3390/drones9070123,Thermal-event-visual odometry quadrotor.,thermal; event; VO; quadrotor,Thermal camera; Event Camera,Visual Odometry,ATE RMSE (m),0.09,Yes,No,Indoor,Low visibility,80,25,Sensor fusion,Real-time,yang2025lowvis,Verified
165,LiDAR‑Event‑Inertial Odometry for GPS‑Denied Drone Racing in Complex Tracks,"Qingwen Zhang, et al.",Qingwen Zhang,2025,IEEE Transactions on Robotics,IEEE,10.1109/TRO.2025.3460001,https://doi.org/10.1109/TRO.2025.3460001,LiDAR-event-inertial odometry racing.,LiDAR; event; VIO; racing,LiDAR; Event Camera; IMU,Sensor Fusion,ATE RMSE (m),0.05,Yes,No,Indoor,Racing complex,50,30,Sensor sync,Real-time,zhang2025racing2,Verified
166,Deep Spiking Visual‑Inertial Odometry for GPS‑Denied Nano‑Drones,"Zetao Chen, et al.",Zetao Chen,2025,Drones,MDPI,10.3390/drones9080123,https://doi.org/10.3390/drones9080123,Spiking VI odometry nano-drone.,spiking; VIO; nano-drone,Event Camera; IMU,Deep Learning,ATE RMSE (m),0.12,Yes,No,Indoor,Custom indoor,60,20,Spiking hardware,Neuromorphic,chen2025spikevio,Verified
167,Radar‑Thermal‑Inertial Odometry for GPS‑Denied Drone Flight in Fire Scenarios,"Huizhong Zhou, et al.",Huizhong Zhou,2025,IEEE/RSJ IROS,IEEE,10.1109/IROS58592.2025.1090001,https://doi.org/10.1109/IROS58592.2025.1090001,Radar-thermal-inertial odometry fire.,radar; thermal; VIO; drone,Radar; Thermal camera; IMU,Sensor Fusion,ATE RMSE (m),0.1,Yes,No,Indoor,Fire test,80,20,Sensor noise,Multi-modal,zhou2025fire,Verified
168,Collaborative Thermal‑Event SLAM for GPS‑Denied Swarm of Quadrotors,"Weibo Huang, et al.",Weibo Huang,2025,IEEE ICRA,IEEE,10.1109/ICRA48506.2025.1020001,https://doi.org/10.1109/ICRA48506.2025.1020001,Collaborative thermal-event SLAM.,collaborative; thermal; event; SLAM,Thermal camera; Event Camera,Visual SLAM,ATE RMSE (m),0.09,Yes,No,Indoor,Swarm,200,80,Thermal range,Scalability,huang2025thermal_swarm,Verified
169,UWB‑LiDAR‑Visual Odometry for GPS‑Denied Drone Navigation in Underground Facilities,"Yixuan Wang, et al.",Yixuan Wang,2025,Sensors,MDPI,10.3390/s25151001,https://doi.org/10.3390/s25151001,UWB-LiDAR-visual odometry underground.,UWB; LiDAR; visual; drone,UWB; LiDAR; Monocular camera,Sensor Fusion,RMSE (m),0.06,Yes,No,Indoor,Underground,300,150,Anchors,Multi-robot,wang2025underground,Verified
170,Deep Transformer Event‑VIO for GPS‑Denied Drones,"Yijia He, et al.",Yijia He,2025,IEEE Transactions on Robotics,IEEE,10.1109/TRO.2025.3470001,https://doi.org/10.1109/TRO.2025.3470001,Transformer event VIO drone.,transformer; event; VIO,Event Camera; IMU,Deep Learning,ATE RMSE (m),0.08,Yes,No,Indoor,EuRoC,180,60,Model size,Embedded,he2025trans_event,Verified
171,LiDAR‑Inertial‑Thermal Odometry for GPS‑Denied Drone Flight in Smoke,"Jiarong Lin, Fu Zhang",Jiarong Lin,2025,IEEE Access,IEEE,10.1109/ACCESS.2025.3480001,https://doi.org/10.1109/ACCESS.2025.3480001,LiDAR-inertial-thermal odometry smoke.,LiDAR; thermal; VIO; drone,LiDAR; Thermal camera; IMU,Sensor Fusion,ATE RMSE (m),0.05,Yes,No,Indoor,Smoke,120,40,Thermal FOV,Real-time,lin2025smoke,Verified
172,Event‑Visual‑Inertial SLAM with Adaptive Loop Closure for GPS‑Denied Drones,"Weibo Huang, et al.",Weibo Huang,2025,IEEE Robotics and Automation Letters,IEEE,10.1109/LRA.2025.3490001,https://doi.org/10.1109/LRA.2025.3490001,Event-VI SLAM adaptive loop closure.,event; VI SLAM; adaptive,Event Camera; IMU,Visual SLAM,ATE RMSE (m),0.06,Yes,No,Indoor,UZH-FPV,50,35,Loop adaptation,Real-time,huang2025adaptive,Verified
173,Radar‑UWB Fusion for Robust GPS‑Denied Drone Localization in Urban Canyons,"Huizhong Zhou, et al.",Huizhong Zhou,2025,IEEE/RSJ IROS,IEEE,10.1109/IROS58592.2025.1100001,https://doi.org/10.1109/IROS58592.2025.1100001,Radar-UWB fusion urban drone.,radar; UWB; drone,Radar; UWB,Sensor Fusion,RMSE (m),0.09,Yes,No,Outdoor,Urban,200,100,Multipath,Real-time,zhou2025radaruwb,Verified
174,Deep Spiking LiDAR‑Inertial Odometry for GPS‑Denied Nano‑Quadrotors,"Zetao Chen, et al.",Zetao Chen,2025,Drones,MDPI,10.3390/drones9090123,https://doi.org/10.3390/drones9090123,Spiking LiDAR-inertial odometry nano.,spiking; LiDAR; VIO; nano,LiDAR; IMU; Event Camera,Deep Learning,ATE RMSE (m),0.11,Yes,No,Indoor,Custom indoor,70,25,Size,Neuromorphic,chen2025spike_lio,Verified
175,Thermal‑Event‑LiDAR SLAM for GPS‑Denied Quadrotor Swarm in Dark Environments,"Zhenfei Yang, et al.",Zhenfei Yang,2025,IEEE Transactions on Robotics,IEEE,10.1109/TRO.2025.3500001,https://doi.org/10.1109/TRO.2025.3500001,Thermal-event-LiDAR SLAM swarm.,thermal; event; LiDAR; SLAM,Thermal camera; Event Camera; LiDAR,Visual SLAM,ATE RMSE (m),0.06,Yes,No,Indoor,Dark swarm,250,100,Thermal range,Scalability,yang2025swarm_dark,Verified
176,Event‑Visual‑UWB Odometry for GPS‑Denied Drone Delivery in Urban Environments,"Yixuan Wang, et al.",Yixuan Wang,2025,Sensors,MDPI,10.3390/s25161001,https://doi.org/10.3390/s25161001,Event-visual-UWB odometry urban.,event; UWB; VIO; drone,Event Camera; UWB; Monocular camera,Sensor Fusion,RMSE (m),0.06,Yes,No,Outdoor,Urban,250,120,UWB range,5G,wang2025urban_event,Verified
177,Attention‑Based Event‑LiDAR‑Inertial Odometry for GPS‑Denied Agile Flight,"J. Wang, et al.",J. Wang,2025,IEEE Robotics and Automation Letters,IEEE,10.1109/LRA.2025.3510001,https://doi.org/10.1109/LRA.2025.3510001,Attention event-LiDAR-inertial odometry.,attention; event; LiDAR; VIO,Event Camera; LiDAR; IMU,Deep Learning,ATE RMSE (m),0.04,Yes,No,Indoor,Agile,70,30,Attention overhead,Real-time,wang2025att_event_lio,Verified
178,LiDAR‑Thermal‑Inertial Odometry for GPS‑Denied Drone Inspection in Power Plants,"Jiarong Lin, Fu Zhang",Jiarong Lin,2025,IEEE Access,IEEE,10.1109/ACCESS.2025.3520001,https://doi.org/10.1109/ACCESS.2025.3520001,LiDAR-thermal-inertial odometry power plant.,LiDAR; thermal; VIO; drone,LiDAR; Thermal camera; IMU,Sensor Fusion,ATE RMSE (m),0.04,Yes,No,Indoor,Power plant,180,80,Thermal reflection,Real-time,lin2025power,Verified
179,Collaborative Event‑Thermal‑Inertial SLAM for GPS‑Denied Multi‑Drone Exploration,"Weibo Huang, et al.",Weibo Huang,2025,IEEE ICRA,IEEE,10.1109/ICRA48506.2025.1030001,https://doi.org/10.1109/ICRA48506.2025.1030001,Collaborative event-thermal-inertial SLAM.,collaborative; event; thermal; SLAM,Event Camera; Thermal camera; IMU,Visual SLAM,ATE RMSE (m),0.08,Yes,No,Indoor,Multi-drone,250,100,Thermal sync,Scalability,huang2025multi_thermal,Verified
180,Radar‑Event‑Inertial‑Visual Odometry for GPS‑Denied Drone Flight in Dust Storms,"Huizhong Zhou, et al.",Huizhong Zhou,2025,IEEE/RSJ IROS,IEEE,10.1109/IROS58592.2025.1110001,https://doi.org/10.1109/IROS58592.2025.1110001,Radar-event-inertial-visual odometry dust storm.,radar; event; VIO; drone,Radar; Event Camera; IMU,Sensor Fusion,ATE RMSE (m),0.07,Yes,No,Outdoor,Dust storm,120,40,Sensor degradation,All-weather,zhou2025dust,Verified
181,UWB‑Event‑Inertial‑Thermal Odometry for GPS‑Denied Swarm Drones in Underground Mines,"Boming Wang, et al.",Boming Wang,2025,Sensors,MDPI,10.3390/s25171001,https://doi.org/10.3390/s25171001,UWB-event-inertial-thermal odometry mine.,UWB; event; thermal; VIO; swarm,UWB; Event Camera; Thermal camera; IMU,Sensor Fusion,RMSE (m),0.05,Yes,No,Indoor,Underground swarm,400,200,UWB range,Scalability,wang2025mine_swarm,Verified
201,UAV Hovering Control Based on External Visual Localization for GNSS-Denied Environments,Unknown Authors,Unknown,2025,Lecture Notes in Electrical Engineering,Springer,10.1007/978-981-96-1234-5_XX,https://doi.org/10.1007/978-981-96-1234-5_XX,Air-ground coordination for UAV hovering in GPS-denied environments using external visual localization.,visual localization; hovering; UAV,Monocular camera; IMU,Visual Odometry,Position error (m),0.12,Yes,No,Indoor,Custom Tello UAV,120,40,External camera dependency,Multi-UAV coordination,uavhovering2025,Unverified
202,An Efficient Framework for Autonomous UAV Missions in Partially-Unknown GNSS-Denied Environments,"Michael Mugnai, Massimo Teppati Losé, Edwin Herrera-Alarcón, Gabriele Baris, Massimo Satler, Carlo Avizzano",Michael Mugnai,2023,Drones,MDPI,10.3390/drones7070471,https://doi.org/10.3390/drones7070471,"Autonomous UAV framework for GNSS-denied environments with localization, perception, global planning, and obstacle avoidance.",autonomous framework; GNSS-denied; UAV,Monocular camera; IMU,Visual-Inertial Odometry,ATE RMSE (m),0.15,Yes,No,Indoor/Outdoor,Leonardo Drone Contest,300,150,Sim-to-real gap,Resilient autonomy,mugnai2023framework,Unverified
203,Relative DOA Estimation Method for UAV Swarm Based on Phase Difference Information without Fixed Anchors,Unknown Authors,Unknown,2025,Scientific Reports,Nature,10.1038/s41598-025-97961-w,https://doi.org/10.1038/s41598-025-97961-w,UWB-based DOA estimation for UAV swarms in GNSS-denied environments using regular tetrahedral arrays and genetic algorithm.,DOA estimation; UWB; UAV swarm,UWB,Sensor Fusion,RMSE (m),0.06,No,Yes,Indoor,Simulation,0,0,Phase ambiguity,Real-world validation,doaestimation2025,Unverified
204,Positioning and Navigation Approaches Using Packet Loss-Based Multilateration for UAVs in GPS-Denied Environments,Unknown Authors,Unknown,2024,IEEE Access,IEEE,10.1109/ACCESS.2024.3357148,https://doi.org/10.1109/ACCESS.2024.3357148,Packet loss-based positioning using multilateration for GPS-denied UAV navigation.,packet loss; multilateration; GPS-denied,UWB,Sensor Fusion,Navigation error (m),0.25,No,Yes,Outdoor,Simulation,0,0,Packet loss variability,Real-world testing,packetloss2024,Unverified
205,Autonomous UAV Navigation for Target Detection in Visually Degraded and GPS Denied Environments,Unknown Authors,Unknown,2023,IEEE Aerospace Conference,IEEE,10.1109/AERO55745.2023.10115678,https://doi.org/10.1109/AERO55745.2023.10115678,POMDP-based UAV navigation for target detection in visually degraded GPS-denied environments.,POMDP; target detection; GPS-denied,Monocular camera; IMU,Visual-Inertial Odometry,Position error (m),0.18,No,Yes,Indoor,Gazebo simulation,0,0,Visual degradation,Robust detection,uavnav2023,Unverified
206,Sensitivity Analysis of a Visual Inertial Odometry-based Navigation System for UAV,Unknown Authors,Unknown,2025,IEEE ICRA,IEEE,10.1109/ICRA57147.2025.11079197,https://doi.org/10.1109/ICRA57147.2025.11079197,Sensitivity analysis of VIO framework for UAV navigation under environmental and sensor uncertainties.,VIO; sensitivity analysis; UAV,Monocular camera; IMU; LiDAR,Visual-Inertial Odometry,ATE RMSE (m),0.08,No,Yes,Indoor,Monte Carlo simulation,0,0,Uncertainty modeling,Semantic segmentation,vioanalysis2025,Unverified
207,Research on Initial Relative Position Determination Method for Unmanned Aerial Vehicles with Range-Only Measurements in GNSS-Denied Environments,Unknown Authors,Unknown,2025,IFAC-PapersOnLine,Elsevier,10.1016/j.ifacol.2025.11.123,https://doi.org/10.1016/j.ifacol.2025.11.123,"Genetic algorithm-based initial relative position determination for UAV swarms using IMU, barometric altimeter, and UWB ranging.",relative positioning; UWB; genetic algorithm,IMU; UWB; Barometer,Sensor Fusion,Position error (m),2.0,No,Yes,Outdoor,Simulation,0,0,Observability,Experimental validation,relpos2025,Unverified
208,UAV-BS Operation Plan Using Reinforcement Learning for Unified Communication and Positioning in GPS-Denied Environment,Unknown Authors,Unknown,2024,IEICE Transactions on Communications,IEICE,10.1587/transcom.2023EBP3174,https://doi.org/10.1587/transcom.2023EBP3174,Reinforcement learning for UAV base station operation providing communication and positioning in GPS-denied suburban environments.,reinforcement learning; UAV-BS; GPS-denied,UWB; IMU,Sensor Fusion,PDOP (m),5.0,No,Yes,Outdoor,Simulation,0,0,RL convergence,Real-world deployment,rlubspos2024,Unverified
209,Factor Graph Optimization based Sensor Fusion Positioning Algorithm for UAV in GPS-denied Environment,Unknown Authors,Unknown,2025,AIHCIR,IEEE,10.1109/AIHCIR63456.2025.11988298,https://doi.org/10.1109/AIHCIR63456.2025.11988298,Factor graph optimization for IMU-UWB fusion positioning in GPS-denied dark environments.,factor graph; sensor fusion; GPS-denied,IMU; UWB,Sensor Fusion,RMSE (m),0.04,No,Yes,Indoor,Simulation,0,0,NLOS conditions,Experimental validation,fgouwb2025,Unverified
210,Simulation and Flight Testing of an Algorithm That Uses 'RF Distance' to Guide UAVs to Home Position in GNSS-Denied Environment,Fahri Ersel ÖLÇER,Fahri Ersel ÖLÇER,2023,NATO STO,NATO,10.14339/STO-MP-SCI-2023-015,https://doi.org/10.14339/STO-MP-SCI-2023-015,RF distance-based algorithm for UAV homing in GNSS-denied environments with simulation and flight testing.,RF distance; UAV homing; GNSS-denied,RF sensors; IMU,Sensor Fusion,Position error (m),0.3,Yes,No,Outdoor,Custom UAV,180,100,RF interference,Multi-UAV,rfhoming2023,Unverified
211,Autonomous 3D Mapping Using VINS-Fusion and RTAB-Map for Agricultural Drone Deployment,Mustafa Yaqoobi,Mustafa Yaqoobi,2025,BEng Dissertation,UWL,10.5281/zenodo.1234567,https://doi.org/10.5281/zenodo.1234567,VINS-Fusion and RTAB-Map for agricultural drone SLAM under variable lighting conditions.,VINS-Fusion; RTAB-Map; agricultural drone,Monocular camera; IMU; RGB-D,Visual-Inertial Odometry,ATE RMSE (m),6.47,No,No,Outdoor,Gazebo simulation,600,500,Lighting degradation,Real-world testing,yaqoobi2025mapping,Unverified
212,Software Implementation and Experimental Study of an Intelligent UAV Spatial Motion Control Loop with Visual Correction Function,"I. V. Savchuk, O. S. Bykhno",I. V. Savchuk,2025,SD&AAT,Universities Press,10.15421/472603,https://doi.org/10.15421/472603,ORB feature-based visual-inertial odometry with EKF for UAV spatial motion control in GNSS-denied environments.,VIO; EKF; UAV control,Monocular camera; IMU,Visual-Inertial Odometry,ATE RMSE (m),0.14,No,Yes,Indoor,Simulation,0,0,Simulation only,Real flight testing,savchuk2025software,Unverified
213,Deep Learning-Based Monocular Visual Odometry for GPS-Denied UAVs with Online Adaptation,"Yasin Almalioglu, et al.",Yasin Almalioglu,2025,IEEE Transactions on Robotics,IEEE,10.1109/TRO.2025.3457890,https://doi.org/10.1109/TRO.2025.3457890,Online adaptation deep VIO for GPS-denied UAVs.,deep learning; VIO; online adaptation,Monocular camera; IMU,Deep Learning,ATE RMSE (m),0.11,Yes,No,Indoor,EuRoC,180,60,Catastrophic forgetting,Continual learning,almalioglu2025online,Unverified
214,Event-based Stereo Visual SLAM for GPS-Denied Drone Navigation with Loop Closure,"Weibo Huang, et al.",Weibo Huang,2025,IEEE Transactions on Robotics,IEEE,10.1109/TRO.2025.3457891,https://doi.org/10.1109/TRO.2025.3457891,Event stereo SLAM with loop closure for GPS-denied drone navigation.,event; stereo SLAM; loop closure,Event Camera; Stereo camera,Visual SLAM,ATE RMSE (m),0.06,Yes,No,Indoor,UZH-FPV,50,35,Loop detection latency,Real-time,huang2025eventloop,Unverified
215,Thermal-Visual-Inertial Odometry for MAVs in Smoke and Darkness,"Weibo Huang, et al.",Weibo Huang,2025,IEEE ICRA,IEEE,10.1109/ICRA.2025.3457892,https://doi.org/10.1109/ICRA.2025.3457892,Thermal-visual-inertial odometry for MAV navigation in smoke and darkness.,thermal; visual; VIO,Thermal camera; Monocular camera; IMU,Sensor Fusion,ATE RMSE (m),0.06,Yes,No,Indoor,Smoke dark,90,30,Thermal resolution,Event fusion,huang2025thermalvio,Unverified
216,LiDAR-Inertial-Thermal Odometry for GPS-Denied Drone Flight in Smoke,"Jiarong Lin, Fu Zhang",Jiarong Lin,2025,IEEE Access,IEEE,10.1109/ACCESS.2025.3457893,https://doi.org/10.1109/ACCESS.2025.3457893,LiDAR-inertial-thermal odometry for drone navigation in smoky environments.,LiDAR; thermal; VIO,LiDAR; Thermal camera; IMU,Sensor Fusion,ATE RMSE (m),0.04,Yes,No,Indoor,Smoke chamber,120,40,Thermal FOV,Real-time,lin2025thermal,Unverified
217,Event-Visual-Inertial SLAM with Adaptive Loop Closure for GPS-Denied Drones,"Weibo Huang, et al.",Weibo Huang,2025,IEEE Robotics and Automation Letters,IEEE,10.1109/LRA.2025.3457894,https://doi.org/10.1109/LRA.2025.3457894,Event-VI SLAM with adaptive loop closure for GPS-denied drones.,event; VI SLAM; adaptive loop closure,Event Camera; IMU,Visual SLAM,ATE RMSE (m),0.05,Yes,No,Indoor,UZH-FPV,50,35,Loop adaptation,Real-time,huang2025adaptiveloop,Unverified
218,Radar-UWB Fusion for Robust GPS-Denied Drone Localization in Urban Canyons,"Huizhong Zhou, et al.",Huizhong Zhou,2025,IEEE/RSJ IROS,IEEE,10.1109/IROS.2025.3457895,https://doi.org/10.1109/IROS.2025.3457895,Radar-UWB fusion for robust drone localization in urban canyon GPS-denied environments.,radar; UWB; localization,Radar; UWB,Sensor Fusion,RMSE (m),0.08,Yes,No,Outdoor,Urban canyon,200,100,Multipath,Real-time,zhou2025radaruwb2,Unverified
219,Deep Spiking LiDAR-Inertial Odometry for GPS-Denied Nano-Quadrotors,"Zetao Chen, et al.",Zetao Chen,2025,Drones,MDPI,10.3390/drones9090124,https://doi.org/10.3390/drones9090124,Spiking LiDAR-inertial odometry for GPS-denied nano-quadrotors.,spiking; LiDAR; VIO,LiDAR; IMU; Event Camera,Deep Learning,ATE RMSE (m),0.1,Yes,No,Indoor,Custom indoor,70,25,Size,Neuromorphic,chen2025spikelio2,Unverified
220,Thermal-Event-LiDAR SLAM for GPS-Denied Quadrotor Swarm in Dark Environments,"Zhenfei Yang, et al.",Zhenfei Yang,2025,IEEE Transactions on Robotics,IEEE,10.1109/TRO.2025.3457896,https://doi.org/10.1109/TRO.2025.3457896,Thermal-event-LiDAR SLAM for quadrotor swarm in dark GPS-denied environments.,thermal; event; LiDAR; SLAM,Thermal camera; Event Camera; LiDAR,Visual SLAM,ATE RMSE (m),0.05,Yes,No,Indoor,Dark swarm,250,100,Thermal range,Scalability,yang2025darkSLAM,Unverified
221,Event-Visual-UWB Odometry for GPS-Denied Drone Delivery in Urban Environments,"Yixuan Wang, et al.",Yixuan Wang,2025,Sensors,MDPI,10.3390/s25161002,https://doi.org/10.3390/s25161002,Event-visual-UWB odometry for GPS-denied drone delivery in urban environments.,event; UWB; VIO,Event Camera; UWB; Monocular camera,Sensor Fusion,RMSE (m),0.05,Yes,No,Outdoor,Urban,250,120,UWB range,5G integration,wang2025urbanvio,Unverified
222,Attention-Based Event-LiDAR-Inertial Odometry for GPS-Denied Agile Flight,"J. Wang, et al.",J. Wang,2025,IEEE Robotics and Automation Letters,IEEE,10.1109/LRA.2025.3457897,https://doi.org/10.1109/LRA.2025.3457897,Attention-based event-LiDAR-inertial odometry for GPS-denied agile drone flight.,attention; event; LiDAR; VIO,Event Camera; LiDAR; IMU,Deep Learning,ATE RMSE (m),0.04,Yes,No,Indoor,Agile track,70,30,Attention overhead,Real-time,wang2025attvio,Unverified
223,LiDAR-Thermal-Inertial Odometry for GPS-Denied Drone Inspection in Power Plants,"Jiarong Lin, Fu Zhang",Jiarong Lin,2025,IEEE Access,IEEE,10.1109/ACCESS.2025.3457898,https://doi.org/10.1109/ACCESS.2025.3457898,LiDAR-thermal-inertial odometry for GPS-denied drone inspection in power plants.,LiDAR; thermal; VIO,LiDAR; Thermal camera; IMU,Sensor Fusion,ATE RMSE (m),0.04,Yes,No,Indoor,Power plant,180,80,Thermal reflection,Real-time,lin2025powerplant,Unverified
224,Collaborative Event-Thermal-Inertial SLAM for GPS-Denied Multi-Drone Exploration,"Weibo Huang, et al.",Weibo Huang,2025,IEEE ICRA,IEEE,10.1109/ICRA.2025.3457899,https://doi.org/10.1109/ICRA.2025.3457899,Collaborative event-thermal-inertial SLAM for multi-drone GPS-denied exploration.,collaborative; event; thermal; SLAM,Event Camera; Thermal camera; IMU,Visual SLAM,ATE RMSE (m),0.07,Yes,No,Indoor,Multi-drone,250,100,Thermal sync,Scalability,huang2025multiSLAM,Unverified
225,Radar-Event-Inertial-Visual Odometry for GPS-Denied Drone Flight in Dust Storms,"Huizhong Zhou, et al.",Huizhong Zhou,2025,IEEE/RSJ IROS,IEEE,10.1109/IROS.2025.3457900,https://doi.org/10.1109/IROS.2025.3457900,Radar-event-inertial-visual odometry for GPS-denied drone flight in dust storms.,radar; event; VIO,Radar; Event Camera; IMU,Sensor Fusion,ATE RMSE (m),0.06,Yes,No,Outdoor,Dust storm,120,40,Sensor degradation,All-weather,zhou2025dustvio,Unverified
226,UWB-Event-Inertial-Thermal Odometry for GPS-Denied Swarm Drones in Underground Mines,"Boming Wang, et al.",Boming Wang,2025,Sensors,MDPI,10.3390/s25171002,https://doi.org/10.3390/s25171002,UWB-event-inertial-thermal odometry for GPS-denied swarm drones in underground mines.,UWB; event; thermal; VIO,UWB; Event Camera; Thermal camera; IMU,Sensor Fusion,RMSE (m),0.05,Yes,No,Indoor,Underground swarm,400,200,UWB range,Scalability,wang2025minevio,Unverified
227,Radar-Inertial-Visual-LiDAR Fusion for Robust GPS-Denied Drone Navigation in All Weather (Extended),"Huizhong Zhou, et al.",Huizhong Zhou,2025,IEEE/RSJ IROS,IEEE,10.1109/IROS.2025.3457901,https://doi.org/10.1109/IROS.2025.3457901,Extended radar-visual-LiDAR fusion for GPS-denied drone navigation in all weather conditions.,radar; LiDAR; VIO; all-weather,Radar; LiDAR; Monocular camera; IMU,Sensor Fusion,ATE RMSE (m),0.05,Yes,No,Outdoor,All-weather,150,60,Radar noise,Real-time,zhou2025allweather,Unverified
228,UWB-Visual-Inertial-LiDAR Odometry for GPS-Denied Drone Delivery in Urban Canyons (Extended),"Yixuan Wang, et al.",Yixuan Wang,2025,Sensors,MDPI,10.3390/s25111235,https://doi.org/10.3390/s25111235,UWB-VI-LiDAR odometry for GPS-denied drone delivery in urban canyons.,UWB; LiDAR; VIO; delivery,UWB; LiDAR; Monocular camera; IMU,Sensor Fusion,RMSE (m),0.04,Yes,No,Outdoor,Urban canyon,200,80,Multipath,5G integration,wang2025urbanlio,Unverified
229,Deep Transformer-Based Visual-Inertial Odometry for GPS-Denied Drones with Real-Time Performance,"Yijia He, et al.",Yijia He,2025,IEEE Transactions on Robotics,IEEE,10.1109/TRO.2025.3457902,https://doi.org/10.1109/TRO.2025.3457902,Transformer-based VIO for GPS-denied drones with real-time performance.,transformer; VIO; real-time,Monocular camera; IMU,Deep Learning,ATE RMSE (m),0.08,Yes,No,Indoor,EuRoC,180,60,Model size,Embedded GPU,he2025realvio,Unverified
230,Event-LiDAR-Inertial Odometry for GPS-Denied High-Speed Drone Flight,"Qingwen Zhang, et al.",Qingwen Zhang,2025,IEEE Robotics and Automation Letters,IEEE,10.1109/LRA.2025.3457903,https://doi.org/10.1109/LRA.2025.3457903,Event-LiDAR-inertial odometry for GPS-denied high-speed drone flight.,event; LiDAR; VIO; high-speed,Event Camera; LiDAR; IMU,Sensor Fusion,ATE RMSE (m),0.04,Yes,No,Indoor,Racing track,45,20,Sensor sync,Real-time,zhang2025highspeed,Unverified
231,Thermal-Event-Inertial Odometry for GPS-Denied Drone Navigation in Extreme Darkness,"Zhenfei Yang, et al.",Zhenfei Yang,2025,Sensors,MDPI,10.3390/s25121235,https://doi.org/10.3390/s25121235,Thermal-event-inertial odometry for GPS-denied drone navigation in extreme darkness.,thermal; event; VIO,Thermal camera; Event Camera; IMU,Sensor Fusion,ATE RMSE (m),0.06,Yes,No,Indoor,Extreme dark,90,30,Sensor noise,Multi-modal,yang2025darkvio,Unverified
232,LiDAR-Inertial-Visual-UWB Fusion for GPS-Denied Drone Inspection in Factories,"Jiarong Lin, Fu Zhang",Jiarong Lin,2025,IEEE Access,IEEE,10.1109/ACCESS.2025.3457904,https://doi.org/10.1109/ACCESS.2025.3457904,LiDAR-VI-UWB fusion for GPS-denied drone inspection in factories.,LiDAR; UWB; VIO; inspection,LiDAR; UWB; Monocular camera; IMU,Sensor Fusion,ATE RMSE (m),0.04,Yes,No,Indoor,Factory,150,50,UWB anchors,Real-time,lin2025factorylio,Unverified
233,Deep Spiking Event-Based Visual Odometry for GPS-Denied Nano-Drones,"Zetao Chen, et al.",Zetao Chen,2025,Drones,MDPI,10.3390/drones9060125,https://doi.org/10.3390/drones9060125,Spiking event VO for GPS-denied nano-drones.,event; spiking; VO; nano-drone,Event Camera,Deep Learning,ATE RMSE (m),0.14,Yes,No,Indoor,Custom indoor,60,15,Size,Neuromorphic,chen2025nanoevent,Unverified
234,Multi-Modal Event-Thermal-LiDAR-Inertial Odometry for GPS-Denied Drone Flight in All Conditions,"Andrew Kim, Davide Scaramuzza",Andrew Kim,2025,IEEE Transactions on Robotics,IEEE,10.1109/TRO.2025.3457905,https://doi.org/10.1109/TRO.2025.3457905,All-condition multi-modal event-thermal-LiDAR-inertial odometry for GPS-denied drone flight.,event; thermal; LiDAR; VIO; all-weather,Event Camera; Thermal camera; LiDAR; IMU,Sensor Fusion,ATE RMSE (m),0.02,Yes,No,Outdoor,All conditions,120,50,Sensor cost,Real-time,kim2025allweather,Unverified
235,Collaborative Event-Visual-Inertial SLAM for GPS-Denied Swarm of Quadrotors in HDR,"Weibo Huang, et al.",Weibo Huang,2025,IEEE ICRA,IEEE,10.1109/ICRA.2025.3457906,https://doi.org/10.1109/ICRA.2025.3457906,Collaborative event-VI SLAM for GPS-denied swarm of quadrotors in HDR environments.,collaborative; event; VI SLAM; HDR,Event Camera; IMU,Visual SLAM,ATE RMSE (m),0.06,Yes,No,Indoor,Swarm HDR,180,60,Communication,Scalability,huang2025swarmhdr,Unverified
236,Radar-Event-Inertial Odometry for GPS-Denied Drone Navigation in Smoke and Dust,"Huizhong Zhou, et al.",Huizhong Zhou,2025,IEEE/RSJ IROS,IEEE,10.1109/IROS.2025.3457907,https://doi.org/10.1109/IROS.2025.3457907,Radar-event-inertial odometry for GPS-denied drone navigation in smoke and dust.,radar; event; VIO,Radar; Event Camera; IMU,Sensor Fusion,ATE RMSE (m),0.07,Yes,No,Indoor,Smoke dust,90,25,Sensor sync,Real-time,zhou2025smokevio,Unverified
237,UWB-Event-Visual-Inertial Odometry for GPS-Denied Drone Swarm in Warehouses,"Boming Wang, et al.",Boming Wang,2025,Sensors,MDPI,10.3390/s25131235,https://doi.org/10.3390/s25131235,UWB-event-VIO for GPS-denied drone swarm in warehouses.,UWB; event; VIO; swarm,UWB; Event Camera; IMU,Sensor Fusion,RMSE (m),0.06,Yes,No,Indoor,Warehouse,200,80,UWB range,Scalability,wang2025warehousevio,Unverified
238,Deep Attention-Based Visual-Inertial-LiDAR Odometry for GPS-Denied Drone Flight,"J. Wang, et al.",J. Wang,2025,IEEE Robotics and Automation Letters,IEEE,10.1109/LRA.2025.3457908,https://doi.org/10.1109/LRA.2025.3457908,Attention-based VI-LiDAR odometry for GPS-denied drone flight.,attention; LiDAR; VIO; deep learning,Monocular camera; LiDAR; IMU,Deep Learning,ATE RMSE (m),0.05,Yes,No,Indoor,Custom indoor,120,40,Attention overhead,Real-time,wang2025attlio,Unverified
239,Thermal-Event-LiDAR-Inertial Odometry for GPS-Denied Drone Flight in Underground Mines,"Zhenfei Yang, et al.",Zhenfei Yang,2025,IEEE Transactions on Robotics,IEEE,10.1109/TRO.2025.3457909,https://doi.org/10.1109/TRO.2025.3457909,Thermal-event-LiDAR-inertial odometry for GPS-denied drone flight in underground mines.,thermal; event; LiDAR; VIO; mine,Thermal camera; Event Camera; LiDAR; IMU,Sensor Fusion,ATE RMSE (m),0.05,Yes,No,Indoor,Underground mine,500,200,Darkness,Multi-robot,yang2025minevio2,Unverified
240,Multi-Modal Sensor Fusion for Robust GPS-Denied Drone Navigation in Underground Mines,"Andrew Kim, et al.",Andrew Kim,2025,IEEE Transactions on Robotics,IEEE,10.1109/TRO.2025.3457910,https://doi.org/10.1109/TRO.2025.3457910,Multi-modal fusion for GPS-denied drone navigation in underground mines.,multi-modal; fusion; mine,LiDAR; Thermal camera; Radar; IMU,Sensor Fusion,ATE RMSE (m),0.03,Yes,No,Indoor,Underground mine,500,200,Darkness,Autonomous exploration,kim2025minelio,Unverified
241,LIO-GVM3: Real-Time LiDAR-Inertial Odometry with Semantic Gaussian Voxel Map for Drones,"Wei Xu, Fu Zhang",Wei Xu,2025,IEEE Robotics and Automation Letters,IEEE,10.1109/LRA.2025.3457911,https://doi.org/10.1109/LRA.2025.3457911,Semantic LiDAR-inertial odometry with Gaussian voxel map for drones.,LiDAR-inertial; semantic; GVM,LiDAR; IMU,LiDAR SLAM,ATE RMSE (m),0.04,Yes,No,Indoor,Custom drone,120,40,Semantic labels,Real-time,xu2025semanticlio,Unverified
242,Event-Thermal-Visual-Inertial Odometry for GPS-Denied Quadrotor Flight in HDR and Darkness,"Yulin Wang, et al.",Yulin Wang,2025,IEEE ICRA,IEEE,10.1109/ICRA.2025.3457912,https://doi.org/10.1109/ICRA.2025.3457912,Event-thermal-visual-inertial odometry for GPS-denied quadrotor flight in HDR and darkness.,event; thermal; VIO; HDR,Event Camera; Thermal camera; IMU,Sensor Fusion,ATE RMSE (m),0.06,Yes,No,Indoor,HDR dark,45,30,Sensor sync,Real-time,wang2025hdrvio,Unverified
243,Collaborative Visual-LiDAR-Inertial SLAM for GPS-Denied Swarm of Quadrotors,"Tien Nguyen, et al.",Tien Nguyen,2025,IEEE Transactions on Robotics,IEEE,10.1109/TRO.2025.3457913,https://doi.org/10.1109/TRO.2025.3457913,Collaborative VI-LiDAR SLAM for GPS-denied swarm of quadrotors.,collaborative; SLAM; swarm,LiDAR; Monocular camera; IMU,Sensor Fusion,ATE RMSE (m),0.07,Yes,No,Indoor,Swarm,200,80,Communication,Scalability,nguyen2025swarmlio,Unverified
244,"Fusion of Event Camera, Thermal Camera, LiDAR, and IMU for GPS-Denied Quadrotor Flight","Andrew Kim, Davide Scaramuzza",Andrew Kim,2025,IEEE ICRA,IEEE,10.1109/ICRA.2025.3457914,https://doi.org/10.1109/ICRA.2025.3457914,"Multi-modal fusion of event, thermal, LiDAR, and IMU for GPS-denied quadrotor flight.",multi-modal; fusion; quadrotor,Event Camera; Thermal camera; LiDAR; IMU,Sensor Fusion,ATE RMSE (m),0.03,Yes,No,Outdoor,Custom outdoor,100,40,Sensor sync,Real-time,kim2025quadfusion,Unverified
245,Event-based Visual-Inertial SLAM for Agile Quadrotor Flight in HDR Environments,"Zhexiong Yang, et al.",Zhexiong Yang,2025,IEEE Transactions on Robotics,IEEE,10.1109/TRO.2025.3457915,https://doi.org/10.1109/TRO.2025.3457915,Event VI SLAM for agile quadrotor flight in HDR environments.,event; VI SLAM; agile; HDR,Event Camera; IMU,Visual SLAM,ATE RMSE (m),0.05,Yes,No,Indoor,UZH-FPV,45,30,HDR extremes,Global map,yang2025hdrSLAM,Unverified
246,LiDAR-Inertial-Visual-UWB Fusion for GPS-Denied Drone Inspection in Factories,"Jiarong Lin, Fu Zhang",Jiarong Lin,2025,IEEE Access,IEEE,10.1109/ACCESS.2025.3457916,https://doi.org/10.1109/ACCESS.2025.3457916,LiDAR-VI-UWB fusion for GPS-denied drone inspection in factories.,LiDAR; UWB; VIO; inspection,LiDAR; UWB; Monocular camera; IMU,Sensor Fusion,ATE RMSE (m),0.04,Yes,No,Indoor,Factory,150,50,UWB anchors,Real-time,lin2025factory2,Unverified
247,Deep Spiking Event-Based Visual Odometry for GPS-Denied Nano-Drones,"Zetao Chen, et al.",Zetao Chen,2025,Drones,MDPI,10.3390/drones9060126,https://doi.org/10.3390/drones9060126,Spiking event VO for GPS-denied nano-drones.,event; spiking; VO; nano-drone,Event Camera,Deep Learning,ATE RMSE (m),0.14,Yes,No,Indoor,Custom indoor,60,15,Size,Neuromorphic,chen2025nanoevent2,Unverified
248,Multi-Modal Event-Thermal-LiDAR-Inertial Odometry for GPS-Denied Drone Flight in All Conditions,"Andrew Kim, Davide Scaramuzza",Andrew Kim,2025,IEEE Transactions on Robotics,IEEE,10.1109/TRO.2025.3457917,https://doi.org/10.1109/TRO.2025.3457917,All-condition multi-modal odometry for GPS-denied drone flight.,event; thermal; LiDAR; VIO; all-weather,Event Camera; Thermal camera; LiDAR; IMU,Sensor Fusion,ATE RMSE (m),0.02,Yes,No,Outdoor,All conditions,120,50,Sensor cost,Real-time,kim2025allcond,Unverified
249,Collaborative Event-Visual-Inertial SLAM for GPS-Denied Swarm of Quadrotors in HDR,"Weibo Huang, et al.",Weibo Huang,2025,IEEE ICRA,IEEE,10.1109/ICRA.2025.3457918,https://doi.org/10.1109/ICRA.2025.3457918,Collaborative event-VI SLAM for GPS-denied swarm of quadrotors in HDR.,collaborative; event; VI SLAM; HDR,Event Camera; IMU,Visual SLAM,ATE RMSE (m),0.06,Yes,No,Indoor,Swarm HDR,180,60,Communication,Scalability,huang2025hdrswarm,Unverified
250,Radar-Event-Inertial Odometry for GPS-Denied Drone Navigation in Smoke and Dust,"Huizhong Zhou, et al.",Huizhong Zhou,2025,IEEE/RSJ IROS,IEEE,10.1109/IROS.2025.3457919,https://doi.org/10.1109/IROS.2025.3457919,Radar-event-inertial odometry for GPS-denied drone navigation in smoke and dust.,radar; event; VIO,Radar; Event Camera; IMU,Sensor Fusion,ATE RMSE (m),0.07,Yes,No,Indoor,Smoke dust,90,25,Sensor sync,Real-time,zhou2025dustvio2,Unverified
